entity,code,year,mental_disorder,prevalence
Brunei,BRN,1990.0,schizophrenia,0.274544
Brunei,BRN,1991.0,schizophrenia,0.273819
Brunei,BRN,1992.0,schizophrenia,0.273212
Brunei,BRN,1993.0,schizophrenia,0.272736
Brunei,BRN,1994.0,schizophrenia,0.272383
Brunei,BRN,1995.0,schizophrenia,0.272228
Brunei,BRN,1996.0,schizophrenia,0.272212
Brunei,BRN,1997.0,schizophrenia,0.272306
Brunei,BRN,1998.0,schizophrenia,0.272442
Brunei,BRN,1999.0,schizophrenia,0.272573
Brunei,BRN,2000.0,schizophrenia,0.272677
Brunei,BRN,2001.0,schizophrenia,0.272725
Brunei,BRN,2002.0,schizophrenia,0.272762
Brunei,BRN,2003.0,schizophrenia,0.272791
Brunei,BRN,2004.0,schizophrenia,0.272799
Brunei,BRN,2005.0,schizophrenia,0.272811
Brunei,BRN,2006.0,schizophrenia,0.272723
Brunei,BRN,2007.0,schizophrenia,0.272504
Brunei,BRN,2008.0,schizophrenia,0.272257
Brunei,BRN,2009.0,schizophrenia,0.272048
Brunei,BRN,2010.0,schizophrenia,0.271971
Brunei,BRN,2011.0,schizophrenia,0.27198
Brunei,BRN,2012.0,schizophrenia,0.272005
Brunei,BRN,2013.0,schizophrenia,0.272054
Brunei,BRN,2014.0,schizophrenia,0.272122
Brunei,BRN,2015.0,schizophrenia,0.272187
Brunei,BRN,2016.0,schizophrenia,0.272262
Brunei,BRN,2017.0,schizophrenia,0.272368
Cambodia,KHM,1990.0,schizophrenia,0.190689
Cambodia,KHM,1991.0,schizophrenia,0.191004
Cambodia,KHM,1992.0,schizophrenia,0.191345
Cambodia,KHM,1993.0,schizophrenia,0.191687
Cambodia,KHM,1994.0,schizophrenia,0.192007
Cambodia,KHM,1995.0,schizophrenia,0.192282
Cambodia,KHM,1996.0,schizophrenia,0.19262
Cambodia,KHM,1997.0,schizophrenia,0.193102
Cambodia,KHM,1998.0,schizophrenia,0.193659
Cambodia,KHM,1999.0,schizophrenia,0.194217
Cambodia,KHM,2000.0,schizophrenia,0.194706
Cambodia,KHM,2001.0,schizophrenia,0.195329
Cambodia,KHM,2002.0,schizophrenia,0.196243
Cambodia,KHM,2003.0,schizophrenia,0.1973
Cambodia,KHM,2004.0,schizophrenia,0.198334
Cambodia,KHM,2005.0,schizophrenia,0.199176
Cambodia,KHM,2006.0,schizophrenia,0.199888
Cambodia,KHM,2007.0,schizophrenia,0.200637
Cambodia,KHM,2008.0,schizophrenia,0.201395
Cambodia,KHM,2009.0,schizophrenia,0.202133
Cambodia,KHM,2010.0,schizophrenia,0.20282
Cambodia,KHM,2011.0,schizophrenia,0.2035
Cambodia,KHM,2012.0,schizophrenia,0.204225
Cambodia,KHM,2013.0,schizophrenia,0.204988
Cambodia,KHM,2014.0,schizophrenia,0.205779
Cambodia,KHM,2015.0,schizophrenia,0.206596
Cambodia,KHM,2016.0,schizophrenia,0.207427
Cambodia,KHM,2017.0,schizophrenia,0.208266
Indonesia,IDN,1990.0,schizophrenia,0.212893
Indonesia,IDN,1991.0,schizophrenia,0.213734
Indonesia,IDN,1992.0,schizophrenia,0.214576
Indonesia,IDN,1993.0,schizophrenia,0.215384
Indonesia,IDN,1994.0,schizophrenia,0.216121
Indonesia,IDN,1995.0,schizophrenia,0.216748
Indonesia,IDN,1996.0,schizophrenia,0.21744
Indonesia,IDN,1997.0,schizophrenia,0.2183
Indonesia,IDN,1998.0,schizophrenia,0.219183
Indonesia,IDN,1999.0,schizophrenia,0.21994
Indonesia,IDN,2000.0,schizophrenia,0.22042
Indonesia,IDN,2001.0,schizophrenia,0.220731
Indonesia,IDN,2002.0,schizophrenia,0.221073
Indonesia,IDN,2003.0,schizophrenia,0.22143
Indonesia,IDN,2004.0,schizophrenia,0.221777
Indonesia,IDN,2005.0,schizophrenia,0.222085
Indonesia,IDN,2006.0,schizophrenia,0.222437
Indonesia,IDN,2007.0,schizophrenia,0.2229
Indonesia,IDN,2008.0,schizophrenia,0.223427
Indonesia,IDN,2009.0,schizophrenia,0.223974
Indonesia,IDN,2010.0,schizophrenia,0.224499
Indonesia,IDN,2011.0,schizophrenia,0.225059
Indonesia,IDN,2012.0,schizophrenia,0.225729
Indonesia,IDN,2013.0,schizophrenia,0.226495
Indonesia,IDN,2014.0,schizophrenia,0.227347
Indonesia,IDN,2015.0,schizophrenia,0.228273
Indonesia,IDN,2016.0,schizophrenia,0.22926
Indonesia,IDN,2017.0,schizophrenia,0.230297
Laos,LAO,1990.0,schizophrenia,0.195611
Laos,LAO,1991.0,schizophrenia,0.195979
Laos,LAO,1992.0,schizophrenia,0.196391
Laos,LAO,1993.0,schizophrenia,0.196821
Laos,LAO,1994.0,schizophrenia,0.197232
Laos,LAO,1995.0,schizophrenia,0.197599
Laos,LAO,1996.0,schizophrenia,0.198112
Laos,LAO,1997.0,schizophrenia,0.198889
Laos,LAO,1998.0,schizophrenia,0.199776
Laos,LAO,1999.0,schizophrenia,0.200623
Laos,LAO,2000.0,schizophrenia,0.201273
Laos,LAO,2001.0,schizophrenia,0.201894
Laos,LAO,2002.0,schizophrenia,0.202702
Laos,LAO,2003.0,schizophrenia,0.203595
Laos,LAO,2004.0,schizophrenia,0.204466
Laos,LAO,2005.0,schizophrenia,0.20521
Laos,LAO,2006.0,schizophrenia,0.205898
Laos,LAO,2007.0,schizophrenia,0.206645
Laos,LAO,2008.0,schizophrenia,0.207432
Laos,LAO,2009.0,schizophrenia,0.208227
Laos,LAO,2010.0,schizophrenia,0.209006
Laos,LAO,2011.0,schizophrenia,0.209824
Laos,LAO,2012.0,schizophrenia,0.210743
Laos,LAO,2013.0,schizophrenia,0.211746
Laos,LAO,2014.0,schizophrenia,0.212831
Laos,LAO,2015.0,schizophrenia,0.21398
Laos,LAO,2016.0,schizophrenia,0.215194
Laos,LAO,2017.0,schizophrenia,0.216455
Malaysia,MYS,1990.0,schizophrenia,0.229105
Malaysia,MYS,1991.0,schizophrenia,0.229793
Malaysia,MYS,1992.0,schizophrenia,0.230584
Malaysia,MYS,1993.0,schizophrenia,0.231426
Malaysia,MYS,1994.0,schizophrenia,0.232274
Malaysia,MYS,1995.0,schizophrenia,0.233063
Malaysia,MYS,1996.0,schizophrenia,0.234178
Malaysia,MYS,1997.0,schizophrenia,0.235876
Malaysia,MYS,1998.0,schizophrenia,0.237832
Malaysia,MYS,1999.0,schizophrenia,0.23969
Malaysia,MYS,2000.0,schizophrenia,0.241027
Malaysia,MYS,2001.0,schizophrenia,0.24203
Malaysia,MYS,2002.0,schizophrenia,0.243126
Malaysia,MYS,2003.0,schizophrenia,0.244208
Malaysia,MYS,2004.0,schizophrenia,0.245139
Malaysia,MYS,2005.0,schizophrenia,0.245794
Malaysia,MYS,2006.0,schizophrenia,0.246245
Malaysia,MYS,2007.0,schizophrenia,0.246679
Malaysia,MYS,2008.0,schizophrenia,0.247105
Malaysia,MYS,2009.0,schizophrenia,0.247522
Malaysia,MYS,2010.0,schizophrenia,0.247947
Malaysia,MYS,2011.0,schizophrenia,0.248416
Malaysia,MYS,2012.0,schizophrenia,0.248987
Malaysia,MYS,2013.0,schizophrenia,0.249653
Malaysia,MYS,2014.0,schizophrenia,0.250391
Malaysia,MYS,2015.0,schizophrenia,0.251197
Malaysia,MYS,2016.0,schizophrenia,0.252067
Malaysia,MYS,2017.0,schizophrenia,0.252984
Myanmar,MMR,1990.0,schizophrenia,0.190035
Myanmar,MMR,1991.0,schizophrenia,0.189887
Myanmar,MMR,1992.0,schizophrenia,0.189844
Myanmar,MMR,1993.0,schizophrenia,0.189881
Myanmar,MMR,1994.0,schizophrenia,0.189974
Myanmar,MMR,1995.0,schizophrenia,0.190102
Myanmar,MMR,1996.0,schizophrenia,0.190473
Myanmar,MMR,1997.0,schizophrenia,0.191204
Myanmar,MMR,1998.0,schizophrenia,0.192137
Myanmar,MMR,1999.0,schizophrenia,0.193102
Myanmar,MMR,2000.0,schizophrenia,0.193941
Myanmar,MMR,2001.0,schizophrenia,0.194816
Myanmar,MMR,2002.0,schizophrenia,0.195942
Myanmar,MMR,2003.0,schizophrenia,0.197218
Myanmar,MMR,2004.0,schizophrenia,0.19853
Myanmar,MMR,2005.0,schizophrenia,0.199749
Myanmar,MMR,2006.0,schizophrenia,0.200973
Myanmar,MMR,2007.0,schizophrenia,0.202338
Myanmar,MMR,2008.0,schizophrenia,0.203752
Myanmar,MMR,2009.0,schizophrenia,0.205114
Myanmar,MMR,2010.0,schizophrenia,0.206333
Myanmar,MMR,2011.0,schizophrenia,0.207443
Myanmar,MMR,2012.0,schizophrenia,0.208559
Myanmar,MMR,2013.0,schizophrenia,0.209678
Myanmar,MMR,2014.0,schizophrenia,0.210781
Myanmar,MMR,2015.0,schizophrenia,0.211861
Myanmar,MMR,2016.0,schizophrenia,0.21291
Myanmar,MMR,2017.0,schizophrenia,0.213915
Philippines,PHL,1990.0,schizophrenia,0.211639
Philippines,PHL,1991.0,schizophrenia,0.211847
Philippines,PHL,1992.0,schizophrenia,0.212073
Philippines,PHL,1993.0,schizophrenia,0.212295
Philippines,PHL,1994.0,schizophrenia,0.212491
Philippines,PHL,1995.0,schizophrenia,0.212637
Philippines,PHL,1996.0,schizophrenia,0.212898
Philippines,PHL,1997.0,schizophrenia,0.213367
Philippines,PHL,1998.0,schizophrenia,0.213909
Philippines,PHL,1999.0,schizophrenia,0.214399
Philippines,PHL,2000.0,schizophrenia,0.214687
Philippines,PHL,2001.0,schizophrenia,0.214956
Philippines,PHL,2002.0,schizophrenia,0.21542
Philippines,PHL,2003.0,schizophrenia,0.215999
Philippines,PHL,2004.0,schizophrenia,0.216579
Philippines,PHL,2005.0,schizophrenia,0.216989
Philippines,PHL,2006.0,schizophrenia,0.217313
Philippines,PHL,2007.0,schizophrenia,0.217723
Philippines,PHL,2008.0,schizophrenia,0.218167
Philippines,PHL,2009.0,schizophrenia,0.218606
Philippines,PHL,2010.0,schizophrenia,0.218991
Philippines,PHL,2011.0,schizophrenia,0.21941
Philippines,PHL,2012.0,schizophrenia,0.219958
Philippines,PHL,2013.0,schizophrenia,0.220632
Philippines,PHL,2014.0,schizophrenia,0.221422
Philippines,PHL,2015.0,schizophrenia,0.222323
Philippines,PHL,2016.0,schizophrenia,0.223321
Philippines,PHL,2017.0,schizophrenia,0.224422
Singapore,SGP,1990.0,schizophrenia,0.263672
Singapore,SGP,1991.0,schizophrenia,0.2639
Singapore,SGP,1992.0,schizophrenia,0.264229
Singapore,SGP,1993.0,schizophrenia,0.264592
Singapore,SGP,1994.0,schizophrenia,0.264972
Singapore,SGP,1995.0,schizophrenia,0.265347
Singapore,SGP,1996.0,schizophrenia,0.266015
Singapore,SGP,1997.0,schizophrenia,0.267138
Singapore,SGP,1998.0,schizophrenia,0.268427
Singapore,SGP,1999.0,schizophrenia,0.269586
Singapore,SGP,2000.0,schizophrenia,0.270336
Singapore,SGP,2001.0,schizophrenia,0.270823
Singapore,SGP,2002.0,schizophrenia,0.271344
Singapore,SGP,2003.0,schizophrenia,0.271844
Singapore,SGP,2004.0,schizophrenia,0.272284
Singapore,SGP,2005.0,schizophrenia,0.272575
Singapore,SGP,2006.0,schizophrenia,0.272688
Singapore,SGP,2007.0,schizophrenia,0.27266
Singapore,SGP,2008.0,schizophrenia,0.27257
Singapore,SGP,2009.0,schizophrenia,0.272513
Singapore,SGP,2010.0,schizophrenia,0.272571
Singapore,SGP,2011.0,schizophrenia,0.272712
Singapore,SGP,2012.0,schizophrenia,0.27286
Singapore,SGP,2013.0,schizophrenia,0.273013
Singapore,SGP,2014.0,schizophrenia,0.273208
Singapore,SGP,2015.0,schizophrenia,0.273445
Singapore,SGP,2016.0,schizophrenia,0.273738
Singapore,SGP,2017.0,schizophrenia,0.27409
Southeast Asia,,1990.0,schizophrenia,0.21259
Southeast Asia,,1991.0,schizophrenia,0.213245
Southeast Asia,,1992.0,schizophrenia,0.213924
Southeast Asia,,1993.0,schizophrenia,0.214593
Southeast Asia,,1994.0,schizophrenia,0.215221
Southeast Asia,,1995.0,schizophrenia,0.215769
Southeast Asia,,1996.0,schizophrenia,0.21643
Southeast Asia,,1997.0,schizophrenia,0.217325
Southeast Asia,,1998.0,schizophrenia,0.218292
Southeast Asia,,1999.0,schizophrenia,0.219172
Southeast Asia,,2000.0,schizophrenia,0.219791
Southeast Asia,,2001.0,schizophrenia,0.220301
Southeast Asia,,2002.0,schizophrenia,0.220932
Southeast Asia,,2003.0,schizophrenia,0.221619
Southeast Asia,,2004.0,schizophrenia,0.222283
Southeast Asia,,2005.0,schizophrenia,0.222829
Southeast Asia,,2006.0,schizophrenia,0.223349
Southeast Asia,,2007.0,schizophrenia,0.223966
Southeast Asia,,2008.0,schizophrenia,0.224626
Southeast Asia,,2009.0,schizophrenia,0.225281
Southeast Asia,,2010.0,schizophrenia,0.225872
Southeast Asia,,2011.0,schizophrenia,0.226469
Southeast Asia,,2012.0,schizophrenia,0.227154
Southeast Asia,,2013.0,schizophrenia,0.227918
Southeast Asia,,2014.0,schizophrenia,0.228747
Southeast Asia,,2015.0,schizophrenia,0.229631
Southeast Asia,,2016.0,schizophrenia,0.230559
Southeast Asia,,2017.0,schizophrenia,0.231524
Thailand,THA,1990.0,schizophrenia,0.214772
Thailand,THA,1991.0,schizophrenia,0.21589
Thailand,THA,1992.0,schizophrenia,0.217011
Thailand,THA,1993.0,schizophrenia,0.218082
Thailand,THA,1994.0,schizophrenia,0.21905
Thailand,THA,1995.0,schizophrenia,0.21985
Thailand,THA,1996.0,schizophrenia,0.220704
Thailand,THA,1997.0,schizophrenia,0.22177
Thailand,THA,1998.0,schizophrenia,0.222879
Thailand,THA,1999.0,schizophrenia,0.223869
Thailand,THA,2000.0,schizophrenia,0.224566
Thailand,THA,2001.0,schizophrenia,0.225164
Thailand,THA,2002.0,schizophrenia,0.225911
Thailand,THA,2003.0,schizophrenia,0.226703
Thailand,THA,2004.0,schizophrenia,0.227423
Thailand,THA,2005.0,schizophrenia,0.22795
Thailand,THA,2006.0,schizophrenia,0.228422
Thailand,THA,2007.0,schizophrenia,0.229008
Thailand,THA,2008.0,schizophrenia,0.229636
Thailand,THA,2009.0,schizophrenia,0.230244
Thailand,THA,2010.0,schizophrenia,0.230749
Thailand,THA,2011.0,schizophrenia,0.231224
Thailand,THA,2012.0,schizophrenia,0.231746
Thailand,THA,2013.0,schizophrenia,0.232316
Thailand,THA,2014.0,schizophrenia,0.23292
Thailand,THA,2015.0,schizophrenia,0.233556
Thailand,THA,2016.0,schizophrenia,0.23421
Thailand,THA,2017.0,schizophrenia,0.234879
Timor,TLS,2002.0,schizophrenia,0.193961
Timor,TLS,2003.0,schizophrenia,0.194586
Timor,TLS,2004.0,schizophrenia,0.195233
Timor,TLS,2005.0,schizophrenia,0.195858
Timor,TLS,2006.0,schizophrenia,0.196752
Timor,TLS,2007.0,schizophrenia,0.198062
Timor,TLS,2008.0,schizophrenia,0.199504
Timor,TLS,2009.0,schizophrenia,0.200798
Timor,TLS,2010.0,schizophrenia,0.201652
Timor,TLS,2011.0,schizophrenia,0.202176
Timor,TLS,2012.0,schizophrenia,0.202665
Timor,TLS,2013.0,schizophrenia,0.203106
Timor,TLS,2014.0,schizophrenia,0.203493
Timor,TLS,2015.0,schizophrenia,0.20382
Timor,TLS,2016.0,schizophrenia,0.204071
Timor,TLS,2017.0,schizophrenia,0.204231
World,OWID_WRL,1990.0,schizophrenia,0.253503
World,OWID_WRL,1991.0,schizophrenia,0.253542
World,OWID_WRL,1992.0,schizophrenia,0.25358
World,OWID_WRL,1993.0,schizophrenia,0.253643
World,OWID_WRL,1994.0,schizophrenia,0.2537
World,OWID_WRL,1995.0,schizophrenia,0.253706
World,OWID_WRL,1996.0,schizophrenia,0.253686
World,OWID_WRL,1997.0,schizophrenia,0.25368
World,OWID_WRL,1998.0,schizophrenia,0.253694
World,OWID_WRL,1999.0,schizophrenia,0.253714
World,OWID_WRL,2000.0,schizophrenia,0.253714
World,OWID_WRL,2001.0,schizophrenia,0.253727
World,OWID_WRL,2002.0,schizophrenia,0.253782
World,OWID_WRL,2003.0,schizophrenia,0.253864
World,OWID_WRL,2004.0,schizophrenia,0.253943
World,OWID_WRL,2005.0,schizophrenia,0.25396
World,OWID_WRL,2006.0,schizophrenia,0.254033
World,OWID_WRL,2007.0,schizophrenia,0.254239
World,OWID_WRL,2008.0,schizophrenia,0.254486
World,OWID_WRL,2009.0,schizophrenia,0.254696
World,OWID_WRL,2010.0,schizophrenia,0.254797
World,OWID_WRL,2011.0,schizophrenia,0.254794
World,OWID_WRL,2012.0,schizophrenia,0.254757
World,OWID_WRL,2013.0,schizophrenia,0.254687
World,OWID_WRL,2014.0,schizophrenia,0.254594
World,OWID_WRL,2015.0,schizophrenia,0.254459
World,OWID_WRL,2016.0,schizophrenia,0.254282
World,OWID_WRL,2017.0,schizophrenia,0.254055
Brunei,BRN,1990.0,bipolar,0.617719
Brunei,BRN,1991.0,bipolar,0.618347
Brunei,BRN,1992.0,bipolar,0.618986
Brunei,BRN,1993.0,bipolar,0.619673
Brunei,BRN,1994.0,bipolar,0.620342
Brunei,BRN,1995.0,bipolar,0.620997
Brunei,BRN,1996.0,bipolar,0.621626
Brunei,BRN,1997.0,bipolar,0.622249
Brunei,BRN,1998.0,bipolar,0.622882
Brunei,BRN,1999.0,bipolar,0.623513
Brunei,BRN,2000.0,bipolar,0.62403
Brunei,BRN,2001.0,bipolar,0.6247
Brunei,BRN,2002.0,bipolar,0.62565
Brunei,BRN,2003.0,bipolar,0.626668
Brunei,BRN,2004.0,bipolar,0.62754
Brunei,BRN,2005.0,bipolar,0.62797
Brunei,BRN,2006.0,bipolar,0.628094
Brunei,BRN,2007.0,bipolar,0.628229
Brunei,BRN,2008.0,bipolar,0.628337
Brunei,BRN,2009.0,bipolar,0.628426
Brunei,BRN,2010.0,bipolar,0.62856
Brunei,BRN,2011.0,bipolar,0.628646
Brunei,BRN,2012.0,bipolar,0.628794
Brunei,BRN,2013.0,bipolar,0.628976
Brunei,BRN,2014.0,bipolar,0.62922
Brunei,BRN,2015.0,bipolar,0.629451
Brunei,BRN,2016.0,bipolar,0.62971
Brunei,BRN,2017.0,bipolar,0.629945
Cambodia,KHM,1990.0,bipolar,0.50399
Cambodia,KHM,1991.0,bipolar,0.504123
Cambodia,KHM,1992.0,bipolar,0.504267
Cambodia,KHM,1993.0,bipolar,0.504415
Cambodia,KHM,1994.0,bipolar,0.504559
Cambodia,KHM,1995.0,bipolar,0.504699
Cambodia,KHM,1996.0,bipolar,0.504845
Cambodia,KHM,1997.0,bipolar,0.505021
Cambodia,KHM,1998.0,bipolar,0.505222
Cambodia,KHM,1999.0,bipolar,0.50544
Cambodia,KHM,2000.0,bipolar,0.505661
Cambodia,KHM,2001.0,bipolar,0.505948
Cambodia,KHM,2002.0,bipolar,0.506335
Cambodia,KHM,2003.0,bipolar,0.50678
Cambodia,KHM,2004.0,bipolar,0.507191
Cambodia,KHM,2005.0,bipolar,0.507484
Cambodia,KHM,2006.0,bipolar,0.507659
Cambodia,KHM,2007.0,bipolar,0.507818
Cambodia,KHM,2008.0,bipolar,0.507961
Cambodia,KHM,2009.0,bipolar,0.508095
Cambodia,KHM,2010.0,bipolar,0.508223
Cambodia,KHM,2011.0,bipolar,0.508374
Cambodia,KHM,2012.0,bipolar,0.508557
Cambodia,KHM,2013.0,bipolar,0.508774
Cambodia,KHM,2014.0,bipolar,0.509014
Cambodia,KHM,2015.0,bipolar,0.509291
Cambodia,KHM,2016.0,bipolar,0.509593
Cambodia,KHM,2017.0,bipolar,0.509922
Indonesia,IDN,1990.0,bipolar,0.531891
Indonesia,IDN,1991.0,bipolar,0.532248
Indonesia,IDN,1992.0,bipolar,0.532639
Indonesia,IDN,1993.0,bipolar,0.53304
Indonesia,IDN,1994.0,bipolar,0.533435
Indonesia,IDN,1995.0,bipolar,0.533799
Indonesia,IDN,1996.0,bipolar,0.534204
Indonesia,IDN,1997.0,bipolar,0.534699
Indonesia,IDN,1998.0,bipolar,0.535229
Indonesia,IDN,1999.0,bipolar,0.535735
Indonesia,IDN,2000.0,bipolar,0.536151
Indonesia,IDN,2001.0,bipolar,0.536613
Indonesia,IDN,2002.0,bipolar,0.537231
Indonesia,IDN,2003.0,bipolar,0.537891
Indonesia,IDN,2004.0,bipolar,0.53847
Indonesia,IDN,2005.0,bipolar,0.538811
Indonesia,IDN,2006.0,bipolar,0.538913
Indonesia,IDN,2007.0,bipolar,0.538915
Indonesia,IDN,2008.0,bipolar,0.53887
Indonesia,IDN,2009.0,bipolar,0.538839
Indonesia,IDN,2010.0,bipolar,0.538881
Indonesia,IDN,2011.0,bipolar,0.539009
Indonesia,IDN,2012.0,bipolar,0.539179
Indonesia,IDN,2013.0,bipolar,0.539385
Indonesia,IDN,2014.0,bipolar,0.539632
Indonesia,IDN,2015.0,bipolar,0.539916
Indonesia,IDN,2016.0,bipolar,0.540234
Indonesia,IDN,2017.0,bipolar,0.540591
Laos,LAO,1990.0,bipolar,0.522191
Laos,LAO,1991.0,bipolar,0.522586
Laos,LAO,1992.0,bipolar,0.522988
Laos,LAO,1993.0,bipolar,0.523385
Laos,LAO,1994.0,bipolar,0.523742
Laos,LAO,1995.0,bipolar,0.524052
Laos,LAO,1996.0,bipolar,0.524383
Laos,LAO,1997.0,bipolar,0.5248
Laos,LAO,1998.0,bipolar,0.52525
Laos,LAO,1999.0,bipolar,0.525686
Laos,LAO,2000.0,bipolar,0.526038
Laos,LAO,2001.0,bipolar,0.526406
Laos,LAO,2002.0,bipolar,0.526918
Laos,LAO,2003.0,bipolar,0.527484
Laos,LAO,2004.0,bipolar,0.52802
Laos,LAO,2005.0,bipolar,0.528438
Laos,LAO,2006.0,bipolar,0.528799
Laos,LAO,2007.0,bipolar,0.529178
Laos,LAO,2008.0,bipolar,0.529568
Laos,LAO,2009.0,bipolar,0.529936
Laos,LAO,2010.0,bipolar,0.530271
Laos,LAO,2011.0,bipolar,0.530612
Laos,LAO,2012.0,bipolar,0.53101
Laos,LAO,2013.0,bipolar,0.531441
Laos,LAO,2014.0,bipolar,0.531923
Laos,LAO,2015.0,bipolar,0.53243
Laos,LAO,2016.0,bipolar,0.532987
Laos,LAO,2017.0,bipolar,0.533568
Malaysia,MYS,1990.0,bipolar,0.557248
Malaysia,MYS,1991.0,bipolar,0.557638
Malaysia,MYS,1992.0,bipolar,0.558213
Malaysia,MYS,1993.0,bipolar,0.558912
Malaysia,MYS,1994.0,bipolar,0.559698
Malaysia,MYS,1995.0,bipolar,0.560491
Malaysia,MYS,1996.0,bipolar,0.561697
Malaysia,MYS,1997.0,bipolar,0.563664
Malaysia,MYS,1998.0,bipolar,0.566067
Malaysia,MYS,1999.0,bipolar,0.568513
Malaysia,MYS,2000.0,bipolar,0.570456
Malaysia,MYS,2001.0,bipolar,0.571997
Malaysia,MYS,2002.0,bipolar,0.573555
Malaysia,MYS,2003.0,bipolar,0.575005
Malaysia,MYS,2004.0,bipolar,0.576152
Malaysia,MYS,2005.0,bipolar,0.576836
Malaysia,MYS,2006.0,bipolar,0.57707
Malaysia,MYS,2007.0,bipolar,0.577105
Malaysia,MYS,2008.0,bipolar,0.577042
Malaysia,MYS,2009.0,bipolar,0.57697
Malaysia,MYS,2010.0,bipolar,0.576998
Malaysia,MYS,2011.0,bipolar,0.577102
Malaysia,MYS,2012.0,bipolar,0.577285
Malaysia,MYS,2013.0,bipolar,0.577548
Malaysia,MYS,2014.0,bipolar,0.577865
Malaysia,MYS,2015.0,bipolar,0.578247
Malaysia,MYS,2016.0,bipolar,0.578704
Malaysia,MYS,2017.0,bipolar,0.579224
Myanmar,MMR,1990.0,bipolar,0.499968
Myanmar,MMR,1991.0,bipolar,0.500032
Myanmar,MMR,1992.0,bipolar,0.500104
Myanmar,MMR,1993.0,bipolar,0.500174
Myanmar,MMR,1994.0,bipolar,0.50025
Myanmar,MMR,1995.0,bipolar,0.500325
Myanmar,MMR,1996.0,bipolar,0.500438
Myanmar,MMR,1997.0,bipolar,0.500606
Myanmar,MMR,1998.0,bipolar,0.500825
Myanmar,MMR,1999.0,bipolar,0.501078
Myanmar,MMR,2000.0,bipolar,0.501361
Myanmar,MMR,2001.0,bipolar,0.501768
Myanmar,MMR,2002.0,bipolar,0.502359
Myanmar,MMR,2003.0,bipolar,0.503071
Myanmar,MMR,2004.0,bipolar,0.503811
Myanmar,MMR,2005.0,bipolar,0.504443
Myanmar,MMR,2006.0,bipolar,0.50501
Myanmar,MMR,2007.0,bipolar,0.505628
Myanmar,MMR,2008.0,bipolar,0.506271
Myanmar,MMR,2009.0,bipolar,0.506868
Myanmar,MMR,2010.0,bipolar,0.507365
Myanmar,MMR,2011.0,bipolar,0.507792
Myanmar,MMR,2012.0,bipolar,0.508231
Myanmar,MMR,2013.0,bipolar,0.508697
Myanmar,MMR,2014.0,bipolar,0.509153
Myanmar,MMR,2015.0,bipolar,0.509602
Myanmar,MMR,2016.0,bipolar,0.510042
Myanmar,MMR,2017.0,bipolar,0.510456
Philippines,PHL,1990.0,bipolar,0.527361
Philippines,PHL,1991.0,bipolar,0.527458
Philippines,PHL,1992.0,bipolar,0.527511
Philippines,PHL,1993.0,bipolar,0.527532
Philippines,PHL,1994.0,bipolar,0.527526
Philippines,PHL,1995.0,bipolar,0.527495
Philippines,PHL,1996.0,bipolar,0.527364
Philippines,PHL,1997.0,bipolar,0.527112
Philippines,PHL,1998.0,bipolar,0.52684
Philippines,PHL,1999.0,bipolar,0.526661
Philippines,PHL,2000.0,bipolar,0.526631
Philippines,PHL,2001.0,bipolar,0.526982
Philippines,PHL,2002.0,bipolar,0.527748
Philippines,PHL,2003.0,bipolar,0.52876
Philippines,PHL,2004.0,bipolar,0.529755
Philippines,PHL,2005.0,bipolar,0.530349
Philippines,PHL,2006.0,bipolar,0.530662
Philippines,PHL,2007.0,bipolar,0.531045
Philippines,PHL,2008.0,bipolar,0.531433
Philippines,PHL,2009.0,bipolar,0.531782
Philippines,PHL,2010.0,bipolar,0.532029
Philippines,PHL,2011.0,bipolar,0.532257
Philippines,PHL,2012.0,bipolar,0.532551
Philippines,PHL,2013.0,bipolar,0.53293
Philippines,PHL,2014.0,bipolar,0.533402
Philippines,PHL,2015.0,bipolar,0.533985
Philippines,PHL,2016.0,bipolar,0.534673
Philippines,PHL,2017.0,bipolar,0.535513
Singapore,SGP,1990.0,bipolar,0.717019
Singapore,SGP,1991.0,bipolar,0.717891
Singapore,SGP,1992.0,bipolar,0.718825
Singapore,SGP,1993.0,bipolar,0.71969
Singapore,SGP,1994.0,bipolar,0.720521
Singapore,SGP,1995.0,bipolar,0.721299
Singapore,SGP,1996.0,bipolar,0.722455
Singapore,SGP,1997.0,bipolar,0.72419
Singapore,SGP,1998.0,bipolar,0.726103
Singapore,SGP,1999.0,bipolar,0.727761
Singapore,SGP,2000.0,bipolar,0.728755
Singapore,SGP,2001.0,bipolar,0.729245
Singapore,SGP,2002.0,bipolar,0.729673
Singapore,SGP,2003.0,bipolar,0.730037
Singapore,SGP,2004.0,bipolar,0.730365
Singapore,SGP,2005.0,bipolar,0.730523
Singapore,SGP,2006.0,bipolar,0.730728
Singapore,SGP,2007.0,bipolar,0.731087
Singapore,SGP,2008.0,bipolar,0.731485
Singapore,SGP,2009.0,bipolar,0.73183
Singapore,SGP,2010.0,bipolar,0.731992
Singapore,SGP,2011.0,bipolar,0.731969
Singapore,SGP,2012.0,bipolar,0.731865
Singapore,SGP,2013.0,bipolar,0.731693
Singapore,SGP,2014.0,bipolar,0.731506
Singapore,SGP,2015.0,bipolar,0.731293
Singapore,SGP,2016.0,bipolar,0.73101
Singapore,SGP,2017.0,bipolar,0.730592
Southeast Asia,,1990.0,bipolar,0.530353
Southeast Asia,,1991.0,bipolar,0.530667
Southeast Asia,,1992.0,bipolar,0.531004
Southeast Asia,,1993.0,bipolar,0.531349
Southeast Asia,,1994.0,bipolar,0.531693
Southeast Asia,,1995.0,bipolar,0.532013
Southeast Asia,,1996.0,bipolar,0.532363
Southeast Asia,,1997.0,bipolar,0.5328
Southeast Asia,,1998.0,bipolar,0.533289
Southeast Asia,,1999.0,bipolar,0.533796
Southeast Asia,,2000.0,bipolar,0.534259
Southeast Asia,,2001.0,bipolar,0.534821
Southeast Asia,,2002.0,bipolar,0.535597
Southeast Asia,,2003.0,bipolar,0.536456
Southeast Asia,,2004.0,bipolar,0.537245
Southeast Asia,,2005.0,bipolar,0.537765
Southeast Asia,,2006.0,bipolar,0.538053
Southeast Asia,,2007.0,bipolar,0.538299
Southeast Asia,,2008.0,bipolar,0.538515
Southeast Asia,,2009.0,bipolar,0.538718
Southeast Asia,,2010.0,bipolar,0.53891
Southeast Asia,,2011.0,bipolar,0.539135
Southeast Asia,,2012.0,bipolar,0.539398
Southeast Asia,,2013.0,bipolar,0.5397
Southeast Asia,,2014.0,bipolar,0.540038
Southeast Asia,,2015.0,bipolar,0.540419
Southeast Asia,,2016.0,bipolar,0.540837
Southeast Asia,,2017.0,bipolar,0.541305
Thailand,THA,1990.0,bipolar,0.529949
Thailand,THA,1991.0,bipolar,0.530608
Thailand,THA,1992.0,bipolar,0.531299
Thailand,THA,1993.0,bipolar,0.531985
Thailand,THA,1994.0,bipolar,0.532633
Thailand,THA,1995.0,bipolar,0.533173
Thailand,THA,1996.0,bipolar,0.533727
Thailand,THA,1997.0,bipolar,0.534417
Thailand,THA,1998.0,bipolar,0.535165
Thailand,THA,1999.0,bipolar,0.535922
Thailand,THA,2000.0,bipolar,0.536609
Thailand,THA,2001.0,bipolar,0.537351
Thailand,THA,2002.0,bipolar,0.538244
Thailand,THA,2003.0,bipolar,0.539146
Thailand,THA,2004.0,bipolar,0.539885
Thailand,THA,2005.0,bipolar,0.54028
Thailand,THA,2006.0,bipolar,0.540412
Thailand,THA,2007.0,bipolar,0.540496
Thailand,THA,2008.0,bipolar,0.540553
Thailand,THA,2009.0,bipolar,0.540633
Thailand,THA,2010.0,bipolar,0.540729
Thailand,THA,2011.0,bipolar,0.540908
Thailand,THA,2012.0,bipolar,0.54113
Thailand,THA,2013.0,bipolar,0.541419
Thailand,THA,2014.0,bipolar,0.54175
Thailand,THA,2015.0,bipolar,0.542135
Thailand,THA,2016.0,bipolar,0.54256
Thailand,THA,2017.0,bipolar,0.543035
Timor,TLS,2002.0,bipolar,0.498887
Timor,TLS,2003.0,bipolar,0.499327
Timor,TLS,2004.0,bipolar,0.49971
Timor,TLS,2005.0,bipolar,0.49997
Timor,TLS,2006.0,bipolar,0.500201
Timor,TLS,2007.0,bipolar,0.500532
Timor,TLS,2008.0,bipolar,0.500906
Timor,TLS,2009.0,bipolar,0.501275
Timor,TLS,2010.0,bipolar,0.501557
Timor,TLS,2011.0,bipolar,0.501772
Timor,TLS,2012.0,bipolar,0.501983
Timor,TLS,2013.0,bipolar,0.502181
Timor,TLS,2014.0,bipolar,0.502373
Timor,TLS,2015.0,bipolar,0.502556
Timor,TLS,2016.0,bipolar,0.502713
Timor,TLS,2017.0,bipolar,0.502839
World,OWID_WRL,1990.0,bipolar,0.585743
World,OWID_WRL,1991.0,bipolar,0.58599
World,OWID_WRL,1992.0,bipolar,0.586309
World,OWID_WRL,1993.0,bipolar,0.586637
World,OWID_WRL,1994.0,bipolar,0.58693
World,OWID_WRL,1995.0,bipolar,0.587206
World,OWID_WRL,1996.0,bipolar,0.58744
World,OWID_WRL,1997.0,bipolar,0.587637
World,OWID_WRL,1998.0,bipolar,0.587752
World,OWID_WRL,1999.0,bipolar,0.587791
World,OWID_WRL,2000.0,bipolar,0.587828
World,OWID_WRL,2001.0,bipolar,0.587877
World,OWID_WRL,2002.0,bipolar,0.58799
World,OWID_WRL,2003.0,bipolar,0.588218
World,OWID_WRL,2004.0,bipolar,0.588534
World,OWID_WRL,2005.0,bipolar,0.588873
World,OWID_WRL,2006.0,bipolar,0.589322
World,OWID_WRL,2007.0,bipolar,0.589987
World,OWID_WRL,2008.0,bipolar,0.59077
World,OWID_WRL,2009.0,bipolar,0.591622
World,OWID_WRL,2010.0,bipolar,0.592331
World,OWID_WRL,2011.0,bipolar,0.59301
World,OWID_WRL,2012.0,bipolar,0.593757
World,OWID_WRL,2013.0,bipolar,0.594552
World,OWID_WRL,2014.0,bipolar,0.595386
World,OWID_WRL,2015.0,bipolar,0.596222
World,OWID_WRL,2016.0,bipolar,0.59714
World,OWID_WRL,2017.0,bipolar,0.598083
Brunei,BRN,1990.0,eating_disorder,0.550731
Brunei,BRN,1991.0,eating_disorder,0.54801
Brunei,BRN,1992.0,eating_disorder,0.545544
Brunei,BRN,1993.0,eating_disorder,0.543644
Brunei,BRN,1994.0,eating_disorder,0.542626
Brunei,BRN,1995.0,eating_disorder,0.542036
Brunei,BRN,1996.0,eating_disorder,0.541901
Brunei,BRN,1997.0,eating_disorder,0.541767
Brunei,BRN,1998.0,eating_disorder,0.542123
Brunei,BRN,1999.0,eating_disorder,0.541672
Brunei,BRN,2000.0,eating_disorder,0.542542
Brunei,BRN,2001.0,eating_disorder,0.542975
Brunei,BRN,2002.0,eating_disorder,0.542619
Brunei,BRN,2003.0,eating_disorder,0.542969
Brunei,BRN,2004.0,eating_disorder,0.542664
Brunei,BRN,2005.0,eating_disorder,0.542958
Brunei,BRN,2006.0,eating_disorder,0.544084
Brunei,BRN,2007.0,eating_disorder,0.546872
Brunei,BRN,2008.0,eating_disorder,0.550064
Brunei,BRN,2009.0,eating_disorder,0.552229
Brunei,BRN,2010.0,eating_disorder,0.553168
Brunei,BRN,2011.0,eating_disorder,0.552189
Brunei,BRN,2012.0,eating_disorder,0.550698
Brunei,BRN,2013.0,eating_disorder,0.549248
Brunei,BRN,2014.0,eating_disorder,0.546639
Brunei,BRN,2015.0,eating_disorder,0.543985
Brunei,BRN,2016.0,eating_disorder,0.540722
Brunei,BRN,2017.0,eating_disorder,0.536252
Cambodia,KHM,1990.0,eating_disorder,0.07706
Cambodia,KHM,1991.0,eating_disorder,0.077636
Cambodia,KHM,1992.0,eating_disorder,0.077707
Cambodia,KHM,1993.0,eating_disorder,0.078039
Cambodia,KHM,1994.0,eating_disorder,0.078468
Cambodia,KHM,1995.0,eating_disorder,0.078671
Cambodia,KHM,1996.0,eating_disorder,0.079168
Cambodia,KHM,1997.0,eating_disorder,0.079724
Cambodia,KHM,1998.0,eating_disorder,0.080177
Cambodia,KHM,1999.0,eating_disorder,0.080465
Cambodia,KHM,2000.0,eating_disorder,0.081481
Cambodia,KHM,2001.0,eating_disorder,0.082271
Cambodia,KHM,2002.0,eating_disorder,0.08381
Cambodia,KHM,2003.0,eating_disorder,0.085438
Cambodia,KHM,2004.0,eating_disorder,0.086747
Cambodia,KHM,2005.0,eating_disorder,0.088384
Cambodia,KHM,2006.0,eating_disorder,0.089996
Cambodia,KHM,2007.0,eating_disorder,0.091899
Cambodia,KHM,2008.0,eating_disorder,0.093569
Cambodia,KHM,2009.0,eating_disorder,0.095379
Cambodia,KHM,2010.0,eating_disorder,0.097041
Cambodia,KHM,2011.0,eating_disorder,0.098796
Cambodia,KHM,2012.0,eating_disorder,0.100316
Cambodia,KHM,2013.0,eating_disorder,0.101933
Cambodia,KHM,2014.0,eating_disorder,0.103741
Cambodia,KHM,2015.0,eating_disorder,0.105162
Cambodia,KHM,2016.0,eating_disorder,0.106761
Cambodia,KHM,2017.0,eating_disorder,0.108379
Indonesia,IDN,1990.0,eating_disorder,0.106652
Indonesia,IDN,1991.0,eating_disorder,0.108525
Indonesia,IDN,1992.0,eating_disorder,0.110207
Indonesia,IDN,1993.0,eating_disorder,0.111817
Indonesia,IDN,1994.0,eating_disorder,0.113306
Indonesia,IDN,1995.0,eating_disorder,0.114565
Indonesia,IDN,1996.0,eating_disorder,0.115784
Indonesia,IDN,1997.0,eating_disorder,0.116944
Indonesia,IDN,1998.0,eating_disorder,0.118111
Indonesia,IDN,1999.0,eating_disorder,0.11908
Indonesia,IDN,2000.0,eating_disorder,0.119849
Indonesia,IDN,2001.0,eating_disorder,0.120529
Indonesia,IDN,2002.0,eating_disorder,0.121129
Indonesia,IDN,2003.0,eating_disorder,0.121749
Indonesia,IDN,2004.0,eating_disorder,0.122269
Indonesia,IDN,2005.0,eating_disorder,0.122975
Indonesia,IDN,2006.0,eating_disorder,0.123953
Indonesia,IDN,2007.0,eating_disorder,0.125266
Indonesia,IDN,2008.0,eating_disorder,0.126898
Indonesia,IDN,2009.0,eating_disorder,0.128568
Indonesia,IDN,2010.0,eating_disorder,0.130405
Indonesia,IDN,2011.0,eating_disorder,0.132299
Indonesia,IDN,2012.0,eating_disorder,0.134503
Indonesia,IDN,2013.0,eating_disorder,0.136988
Indonesia,IDN,2014.0,eating_disorder,0.139724
Indonesia,IDN,2015.0,eating_disorder,0.142546
Indonesia,IDN,2016.0,eating_disorder,0.145616
Indonesia,IDN,2017.0,eating_disorder,0.148782
Laos,LAO,1990.0,eating_disorder,0.087114
Laos,LAO,1991.0,eating_disorder,0.087417
Laos,LAO,1992.0,eating_disorder,0.08786
Laos,LAO,1993.0,eating_disorder,0.08835
Laos,LAO,1994.0,eating_disorder,0.089243
Laos,LAO,1995.0,eating_disorder,0.089861
Laos,LAO,1996.0,eating_disorder,0.090591
Laos,LAO,1997.0,eating_disorder,0.091361
Laos,LAO,1998.0,eating_disorder,0.092378
Laos,LAO,1999.0,eating_disorder,0.093464
Laos,LAO,2000.0,eating_disorder,0.094553
Laos,LAO,2001.0,eating_disorder,0.095742
Laos,LAO,2002.0,eating_disorder,0.096609
Laos,LAO,2003.0,eating_disorder,0.09815
Laos,LAO,2004.0,eating_disorder,0.099521
Laos,LAO,2005.0,eating_disorder,0.100532
Laos,LAO,2006.0,eating_disorder,0.102275
Laos,LAO,2007.0,eating_disorder,0.103945
Laos,LAO,2008.0,eating_disorder,0.105734
Laos,LAO,2009.0,eating_disorder,0.107749
Laos,LAO,2010.0,eating_disorder,0.109775
Laos,LAO,2011.0,eating_disorder,0.111887
Laos,LAO,2012.0,eating_disorder,0.11412
Laos,LAO,2013.0,eating_disorder,0.116619
Laos,LAO,2014.0,eating_disorder,0.119333
Laos,LAO,2015.0,eating_disorder,0.122156
Laos,LAO,2016.0,eating_disorder,0.125113
Laos,LAO,2017.0,eating_disorder,0.128172
Malaysia,MYS,1990.0,eating_disorder,0.143967
Malaysia,MYS,1991.0,eating_disorder,0.146549
Malaysia,MYS,1992.0,eating_disorder,0.148567
Malaysia,MYS,1993.0,eating_disorder,0.150885
Malaysia,MYS,1994.0,eating_disorder,0.153033
Malaysia,MYS,1995.0,eating_disorder,0.155561
Malaysia,MYS,1996.0,eating_disorder,0.157979
Malaysia,MYS,1997.0,eating_disorder,0.161533
Malaysia,MYS,1998.0,eating_disorder,0.164445
Malaysia,MYS,1999.0,eating_disorder,0.167011
Malaysia,MYS,2000.0,eating_disorder,0.169604
Malaysia,MYS,2001.0,eating_disorder,0.171433
Malaysia,MYS,2002.0,eating_disorder,0.173065
Malaysia,MYS,2003.0,eating_disorder,0.174713
Malaysia,MYS,2004.0,eating_disorder,0.176638
Malaysia,MYS,2005.0,eating_disorder,0.177808
Malaysia,MYS,2006.0,eating_disorder,0.179558
Malaysia,MYS,2007.0,eating_disorder,0.181507
Malaysia,MYS,2008.0,eating_disorder,0.183555
Malaysia,MYS,2009.0,eating_disorder,0.185006
Malaysia,MYS,2010.0,eating_disorder,0.186795
Malaysia,MYS,2011.0,eating_disorder,0.188448
Malaysia,MYS,2012.0,eating_disorder,0.190473
Malaysia,MYS,2013.0,eating_disorder,0.19244
Malaysia,MYS,2014.0,eating_disorder,0.194833
Malaysia,MYS,2015.0,eating_disorder,0.196888
Malaysia,MYS,2016.0,eating_disorder,0.199211
Malaysia,MYS,2017.0,eating_disorder,0.201462
Myanmar,MMR,1990.0,eating_disorder,0.074078
Myanmar,MMR,1991.0,eating_disorder,0.073908
Myanmar,MMR,1992.0,eating_disorder,0.07408
Myanmar,MMR,1993.0,eating_disorder,0.074227
Myanmar,MMR,1994.0,eating_disorder,0.074309
Myanmar,MMR,1995.0,eating_disorder,0.074512
Myanmar,MMR,1996.0,eating_disorder,0.074814
Myanmar,MMR,1997.0,eating_disorder,0.075694
Myanmar,MMR,1998.0,eating_disorder,0.07672
Myanmar,MMR,1999.0,eating_disorder,0.078133
Myanmar,MMR,2000.0,eating_disorder,0.079458
Myanmar,MMR,2001.0,eating_disorder,0.081153
Myanmar,MMR,2002.0,eating_disorder,0.082901
Myanmar,MMR,2003.0,eating_disorder,0.085543
Myanmar,MMR,2004.0,eating_disorder,0.088354
Myanmar,MMR,2005.0,eating_disorder,0.090669
Myanmar,MMR,2006.0,eating_disorder,0.093437
Myanmar,MMR,2007.0,eating_disorder,0.096383
Myanmar,MMR,2008.0,eating_disorder,0.099571
Myanmar,MMR,2009.0,eating_disorder,0.102574
Myanmar,MMR,2010.0,eating_disorder,0.105711
Myanmar,MMR,2011.0,eating_disorder,0.108347
Myanmar,MMR,2012.0,eating_disorder,0.111296
Myanmar,MMR,2013.0,eating_disorder,0.114334
Myanmar,MMR,2014.0,eating_disorder,0.117105
Myanmar,MMR,2015.0,eating_disorder,0.120132
Myanmar,MMR,2016.0,eating_disorder,0.12292
Myanmar,MMR,2017.0,eating_disorder,0.125738
Philippines,PHL,1990.0,eating_disorder,0.110424
Philippines,PHL,1991.0,eating_disorder,0.110726
Philippines,PHL,1992.0,eating_disorder,0.110957
Philippines,PHL,1993.0,eating_disorder,0.111322
Philippines,PHL,1994.0,eating_disorder,0.111486
Philippines,PHL,1995.0,eating_disorder,0.111532
Philippines,PHL,1996.0,eating_disorder,0.112216
Philippines,PHL,1997.0,eating_disorder,0.112686
Philippines,PHL,1998.0,eating_disorder,0.112945
Philippines,PHL,1999.0,eating_disorder,0.113782
Philippines,PHL,2000.0,eating_disorder,0.113994
Philippines,PHL,2001.0,eating_disorder,0.114741
Philippines,PHL,2002.0,eating_disorder,0.115061
Philippines,PHL,2003.0,eating_disorder,0.115782
Philippines,PHL,2004.0,eating_disorder,0.116543
Philippines,PHL,2005.0,eating_disorder,0.117073
Philippines,PHL,2006.0,eating_disorder,0.117538
Philippines,PHL,2007.0,eating_disorder,0.118467
Philippines,PHL,2008.0,eating_disorder,0.119599
Philippines,PHL,2009.0,eating_disorder,0.120814
Philippines,PHL,2010.0,eating_disorder,0.122004
Philippines,PHL,2011.0,eating_disorder,0.123404
Philippines,PHL,2012.0,eating_disorder,0.12465
Philippines,PHL,2013.0,eating_disorder,0.126439
Philippines,PHL,2014.0,eating_disorder,0.128226
Philippines,PHL,2015.0,eating_disorder,0.130319
Philippines,PHL,2016.0,eating_disorder,0.132335
Philippines,PHL,2017.0,eating_disorder,0.134855
Singapore,SGP,1990.0,eating_disorder,0.373698
Singapore,SGP,1991.0,eating_disorder,0.380503
Singapore,SGP,1992.0,eating_disorder,0.386527
Singapore,SGP,1993.0,eating_disorder,0.393371
Singapore,SGP,1994.0,eating_disorder,0.399914
Singapore,SGP,1995.0,eating_disorder,0.406909
Singapore,SGP,1996.0,eating_disorder,0.41334
Singapore,SGP,1997.0,eating_disorder,0.420356
Singapore,SGP,1998.0,eating_disorder,0.427768
Singapore,SGP,1999.0,eating_disorder,0.434899
Singapore,SGP,2000.0,eating_disorder,0.440829
Singapore,SGP,2001.0,eating_disorder,0.445971
Singapore,SGP,2002.0,eating_disorder,0.451158
Singapore,SGP,2003.0,eating_disorder,0.456707
Singapore,SGP,2004.0,eating_disorder,0.46224
Singapore,SGP,2005.0,eating_disorder,0.468541
Singapore,SGP,2006.0,eating_disorder,0.474917
Singapore,SGP,2007.0,eating_disorder,0.483169
Singapore,SGP,2008.0,eating_disorder,0.491488
Singapore,SGP,2009.0,eating_disorder,0.500104
Singapore,SGP,2010.0,eating_disorder,0.507886
Singapore,SGP,2011.0,eating_disorder,0.51479
Singapore,SGP,2012.0,eating_disorder,0.521609
Singapore,SGP,2013.0,eating_disorder,0.528682
Singapore,SGP,2014.0,eating_disorder,0.535816
Singapore,SGP,2015.0,eating_disorder,0.542395
Singapore,SGP,2016.0,eating_disorder,0.547688
Singapore,SGP,2017.0,eating_disorder,0.553712
Southeast Asia,,1990.0,eating_disorder,0.10378
Southeast Asia,,1991.0,eating_disorder,0.105216
Southeast Asia,,1992.0,eating_disorder,0.10663
Southeast Asia,,1993.0,eating_disorder,0.107941
Southeast Asia,,1994.0,eating_disorder,0.109217
Southeast Asia,,1995.0,eating_disorder,0.110292
Southeast Asia,,1996.0,eating_disorder,0.111498
Southeast Asia,,1997.0,eating_disorder,0.112675
Southeast Asia,,1998.0,eating_disorder,0.11384
Southeast Asia,,1999.0,eating_disorder,0.115013
Southeast Asia,,2000.0,eating_disorder,0.116013
Southeast Asia,,2001.0,eating_disorder,0.117067
Southeast Asia,,2002.0,eating_disorder,0.118037
Southeast Asia,,2003.0,eating_disorder,0.119145
Southeast Asia,,2004.0,eating_disorder,0.120238
Southeast Asia,,2005.0,eating_disorder,0.121275
Southeast Asia,,2006.0,eating_disorder,0.122582
Southeast Asia,,2007.0,eating_disorder,0.124193
Southeast Asia,,2008.0,eating_disorder,0.125961
Southeast Asia,,2009.0,eating_disorder,0.127722
Southeast Asia,,2010.0,eating_disorder,0.129565
Southeast Asia,,2011.0,eating_disorder,0.131478
Southeast Asia,,2012.0,eating_disorder,0.13347
Southeast Asia,,2013.0,eating_disorder,0.135728
Southeast Asia,,2014.0,eating_disorder,0.138108
Southeast Asia,,2015.0,eating_disorder,0.140474
Southeast Asia,,2016.0,eating_disorder,0.143057
Southeast Asia,,2017.0,eating_disorder,0.14565
Thailand,THA,1990.0,eating_disorder,0.121902
Thailand,THA,1991.0,eating_disorder,0.124876
Thailand,THA,1992.0,eating_disorder,0.128137
Thailand,THA,1993.0,eating_disorder,0.130918
Thailand,THA,1994.0,eating_disorder,0.133336
Thailand,THA,1995.0,eating_disorder,0.135625
Thailand,THA,1996.0,eating_disorder,0.137774
Thailand,THA,1997.0,eating_disorder,0.139434
Thailand,THA,1998.0,eating_disorder,0.141336
Thailand,THA,1999.0,eating_disorder,0.142587
Thailand,THA,2000.0,eating_disorder,0.143909
Thailand,THA,2001.0,eating_disorder,0.145571
Thailand,THA,2002.0,eating_disorder,0.146923
Thailand,THA,2003.0,eating_disorder,0.147995
Thailand,THA,2004.0,eating_disorder,0.149672
Thailand,THA,2005.0,eating_disorder,0.150724
Thailand,THA,2006.0,eating_disorder,0.152429
Thailand,THA,2007.0,eating_disorder,0.154636
Thailand,THA,2008.0,eating_disorder,0.156639
Thailand,THA,2009.0,eating_disorder,0.1586
Thailand,THA,2010.0,eating_disorder,0.160564
Thailand,THA,2011.0,eating_disorder,0.162663
Thailand,THA,2012.0,eating_disorder,0.164607
Thailand,THA,2013.0,eating_disorder,0.166388
Thailand,THA,2014.0,eating_disorder,0.168323
Thailand,THA,2015.0,eating_disorder,0.169914
Thailand,THA,2016.0,eating_disorder,0.1719
Thailand,THA,2017.0,eating_disorder,0.173202
Timor,TLS,2002.0,eating_disorder,0.088808
Timor,TLS,2003.0,eating_disorder,0.089383
Timor,TLS,2004.0,eating_disorder,0.089797
Timor,TLS,2005.0,eating_disorder,0.090745
Timor,TLS,2006.0,eating_disorder,0.093132
Timor,TLS,2007.0,eating_disorder,0.096897
Timor,TLS,2008.0,eating_disorder,0.101161
Timor,TLS,2009.0,eating_disorder,0.104916
Timor,TLS,2010.0,eating_disorder,0.106672
Timor,TLS,2011.0,eating_disorder,0.107436
Timor,TLS,2012.0,eating_disorder,0.108275
Timor,TLS,2013.0,eating_disorder,0.109507
Timor,TLS,2014.0,eating_disorder,0.1096
Timor,TLS,2015.0,eating_disorder,0.110612
Timor,TLS,2016.0,eating_disorder,0.110643
Timor,TLS,2017.0,eating_disorder,0.110934
World,OWID_WRL,1990.0,eating_disorder,0.177865
World,OWID_WRL,1991.0,eating_disorder,0.178034
World,OWID_WRL,1992.0,eating_disorder,0.178218
World,OWID_WRL,1993.0,eating_disorder,0.178419
World,OWID_WRL,1994.0,eating_disorder,0.178688
World,OWID_WRL,1995.0,eating_disorder,0.178983
World,OWID_WRL,1996.0,eating_disorder,0.179485
World,OWID_WRL,1997.0,eating_disorder,0.180134
World,OWID_WRL,1998.0,eating_disorder,0.180911
World,OWID_WRL,1999.0,eating_disorder,0.181829
World,OWID_WRL,2000.0,eating_disorder,0.182665
World,OWID_WRL,2001.0,eating_disorder,0.183632
World,OWID_WRL,2002.0,eating_disorder,0.184887
World,OWID_WRL,2003.0,eating_disorder,0.186265
World,OWID_WRL,2004.0,eating_disorder,0.187741
World,OWID_WRL,2005.0,eating_disorder,0.189126
World,OWID_WRL,2006.0,eating_disorder,0.190702
World,OWID_WRL,2007.0,eating_disorder,0.192643
World,OWID_WRL,2008.0,eating_disorder,0.1948
World,OWID_WRL,2009.0,eating_disorder,0.196916
World,OWID_WRL,2010.0,eating_disorder,0.198731
World,OWID_WRL,2011.0,eating_disorder,0.200379
World,OWID_WRL,2012.0,eating_disorder,0.202116
World,OWID_WRL,2013.0,eating_disorder,0.203977
World,OWID_WRL,2014.0,eating_disorder,0.205833
World,OWID_WRL,2015.0,eating_disorder,0.207672
World,OWID_WRL,2016.0,eating_disorder,0.209525
World,OWID_WRL,2017.0,eating_disorder,0.211304
Brunei,BRN,1990.0,anxiety,3.548453
Brunei,BRN,1991.0,anxiety,3.554565
Brunei,BRN,1992.0,anxiety,3.561621
Brunei,BRN,1993.0,anxiety,3.569155
Brunei,BRN,1994.0,anxiety,3.576319
Brunei,BRN,1995.0,anxiety,3.583675
Brunei,BRN,1996.0,anxiety,3.590589
Brunei,BRN,1997.0,anxiety,3.597853
Brunei,BRN,1998.0,anxiety,3.604872
Brunei,BRN,1999.0,anxiety,3.611058
Brunei,BRN,2000.0,anxiety,3.616574
Brunei,BRN,2001.0,anxiety,3.6207
Brunei,BRN,2002.0,anxiety,3.624101
Brunei,BRN,2003.0,anxiety,3.626782
Brunei,BRN,2004.0,anxiety,3.628297
Brunei,BRN,2005.0,anxiety,3.628996
Brunei,BRN,2006.0,anxiety,3.628687
Brunei,BRN,2007.0,anxiety,3.628124
Brunei,BRN,2008.0,anxiety,3.627582
Brunei,BRN,2009.0,anxiety,3.626608
Brunei,BRN,2010.0,anxiety,3.625396
Brunei,BRN,2011.0,anxiety,3.623889
Brunei,BRN,2012.0,anxiety,3.622953
Brunei,BRN,2013.0,anxiety,3.622576
Brunei,BRN,2014.0,anxiety,3.622286
Brunei,BRN,2015.0,anxiety,3.621917
Brunei,BRN,2016.0,anxiety,3.621502
Brunei,BRN,2017.0,anxiety,3.621414
Cambodia,KHM,1990.0,anxiety,3.285072
Cambodia,KHM,1991.0,anxiety,3.284809
Cambodia,KHM,1992.0,anxiety,3.284516
Cambodia,KHM,1993.0,anxiety,3.284181
Cambodia,KHM,1994.0,anxiety,3.283813
Cambodia,KHM,1995.0,anxiety,3.283401
Cambodia,KHM,1996.0,anxiety,3.283096
Cambodia,KHM,1997.0,anxiety,3.282933
Cambodia,KHM,1998.0,anxiety,3.282881
Cambodia,KHM,1999.0,anxiety,3.282826
Cambodia,KHM,2000.0,anxiety,3.2827
Cambodia,KHM,2001.0,anxiety,3.283118
Cambodia,KHM,2002.0,anxiety,3.284339
Cambodia,KHM,2003.0,anxiety,3.285976
Cambodia,KHM,2004.0,anxiety,3.287345
Cambodia,KHM,2005.0,anxiety,3.287781
Cambodia,KHM,2006.0,anxiety,3.287483
Cambodia,KHM,2007.0,anxiety,3.287212
Cambodia,KHM,2008.0,anxiety,3.286937
Cambodia,KHM,2009.0,anxiety,3.28664
Cambodia,KHM,2010.0,anxiety,3.286232
Cambodia,KHM,2011.0,anxiety,3.285991
Cambodia,KHM,2012.0,anxiety,3.285994
Cambodia,KHM,2013.0,anxiety,3.286271
Cambodia,KHM,2014.0,anxiety,3.28675
Cambodia,KHM,2015.0,anxiety,3.287511
Cambodia,KHM,2016.0,anxiety,3.288523
Cambodia,KHM,2017.0,anxiety,3.289745
Indonesia,IDN,1990.0,anxiety,3.236985
Indonesia,IDN,1991.0,anxiety,3.235239
Indonesia,IDN,1992.0,anxiety,3.234357
Indonesia,IDN,1993.0,anxiety,3.234175
Indonesia,IDN,1994.0,anxiety,3.234734
Indonesia,IDN,1995.0,anxiety,3.236108
Indonesia,IDN,1996.0,anxiety,3.238343
Indonesia,IDN,1997.0,anxiety,3.241737
Indonesia,IDN,1998.0,anxiety,3.245532
Indonesia,IDN,1999.0,anxiety,3.249092
Indonesia,IDN,2000.0,anxiety,3.251813
Indonesia,IDN,2001.0,anxiety,3.254456
Indonesia,IDN,2002.0,anxiety,3.258327
Indonesia,IDN,2003.0,anxiety,3.262491
Indonesia,IDN,2004.0,anxiety,3.266157
Indonesia,IDN,2005.0,anxiety,3.268223
Indonesia,IDN,2006.0,anxiety,3.268861
Indonesia,IDN,2007.0,anxiety,3.269533
Indonesia,IDN,2008.0,anxiety,3.270112
Indonesia,IDN,2009.0,anxiety,3.27062
Indonesia,IDN,2010.0,anxiety,3.2711
Indonesia,IDN,2011.0,anxiety,3.271588
Indonesia,IDN,2012.0,anxiety,3.272439
Indonesia,IDN,2013.0,anxiety,3.273531
Indonesia,IDN,2014.0,anxiety,3.274875
Indonesia,IDN,2015.0,anxiety,3.276482
Indonesia,IDN,2016.0,anxiety,3.278178
Indonesia,IDN,2017.0,anxiety,3.28022
Laos,LAO,1990.0,anxiety,4.140086
Laos,LAO,1991.0,anxiety,4.135188
Laos,LAO,1992.0,anxiety,4.131227
Laos,LAO,1993.0,anxiety,4.128537
Laos,LAO,1994.0,anxiety,4.127226
Laos,LAO,1995.0,anxiety,4.127611
Laos,LAO,1996.0,anxiety,4.130584
Laos,LAO,1997.0,anxiety,4.135888
Laos,LAO,1998.0,anxiety,4.141936
Laos,LAO,1999.0,anxiety,4.147143
Laos,LAO,2000.0,anxiety,4.149713
Laos,LAO,2001.0,anxiety,4.14973
Laos,LAO,2002.0,anxiety,4.149098
Laos,LAO,2003.0,anxiety,4.148432
Laos,LAO,2004.0,anxiety,4.148354
Laos,LAO,2005.0,anxiety,4.149419
Laos,LAO,2006.0,anxiety,4.155755
Laos,LAO,2007.0,anxiety,4.168149
Laos,LAO,2008.0,anxiety,4.18263
Laos,LAO,2009.0,anxiety,4.195018
Laos,LAO,2010.0,anxiety,4.20125
Laos,LAO,2011.0,anxiety,4.203302
Laos,LAO,2012.0,anxiety,4.205894
Laos,LAO,2013.0,anxiety,4.208834
Laos,LAO,2014.0,anxiety,4.212256
Laos,LAO,2015.0,anxiety,4.215903
Laos,LAO,2016.0,anxiety,4.21998
Laos,LAO,2017.0,anxiety,4.224294
Malaysia,MYS,1990.0,anxiety,4.206156
Malaysia,MYS,1991.0,anxiety,4.203566
Malaysia,MYS,1992.0,anxiety,4.204287
Malaysia,MYS,1993.0,anxiety,4.20738
Malaysia,MYS,1994.0,anxiety,4.212239
Malaysia,MYS,1995.0,anxiety,4.217891
Malaysia,MYS,1996.0,anxiety,4.241488
Malaysia,MYS,1997.0,anxiety,4.29122
Malaysia,MYS,1998.0,anxiety,4.351369
Malaysia,MYS,1999.0,anxiety,4.405533
Malaysia,MYS,2000.0,anxiety,4.435855
Malaysia,MYS,2001.0,anxiety,4.44807
Malaysia,MYS,2002.0,anxiety,4.459722
Malaysia,MYS,2003.0,anxiety,4.47005
Malaysia,MYS,2004.0,anxiety,4.477683
Malaysia,MYS,2005.0,anxiety,4.48145
Malaysia,MYS,2006.0,anxiety,4.48265
Malaysia,MYS,2007.0,anxiety,4.483642
Malaysia,MYS,2008.0,anxiety,4.484192
Malaysia,MYS,2009.0,anxiety,4.483892
Malaysia,MYS,2010.0,anxiety,4.482379
Malaysia,MYS,2011.0,anxiety,4.476402
Malaysia,MYS,2012.0,anxiety,4.46435
Malaysia,MYS,2013.0,anxiety,4.4471
Malaysia,MYS,2014.0,anxiety,4.425306
Malaysia,MYS,2015.0,anxiety,4.399844
Malaysia,MYS,2016.0,anxiety,4.371437
Malaysia,MYS,2017.0,anxiety,4.340783
Myanmar,MMR,1990.0,anxiety,3.214909
Myanmar,MMR,1991.0,anxiety,3.216425
Myanmar,MMR,1992.0,anxiety,3.218049
Myanmar,MMR,1993.0,anxiety,3.219672
Myanmar,MMR,1994.0,anxiety,3.22142
Myanmar,MMR,1995.0,anxiety,3.223071
Myanmar,MMR,1996.0,anxiety,3.225263
Myanmar,MMR,1997.0,anxiety,3.227898
Myanmar,MMR,1998.0,anxiety,3.230876
Myanmar,MMR,1999.0,anxiety,3.234074
Myanmar,MMR,2000.0,anxiety,3.237244
Myanmar,MMR,2001.0,anxiety,3.241526
Myanmar,MMR,2002.0,anxiety,3.247281
Myanmar,MMR,2003.0,anxiety,3.253788
Myanmar,MMR,2004.0,anxiety,3.26031
Myanmar,MMR,2005.0,anxiety,3.265598
Myanmar,MMR,2006.0,anxiety,3.270468
Myanmar,MMR,2007.0,anxiety,3.275862
Myanmar,MMR,2008.0,anxiety,3.281723
Myanmar,MMR,2009.0,anxiety,3.287142
Myanmar,MMR,2010.0,anxiety,3.291158
Myanmar,MMR,2011.0,anxiety,3.294603
Myanmar,MMR,2012.0,anxiety,3.298047
Myanmar,MMR,2013.0,anxiety,3.301534
Myanmar,MMR,2014.0,anxiety,3.304862
Myanmar,MMR,2015.0,anxiety,3.307999
Myanmar,MMR,2016.0,anxiety,3.311078
Myanmar,MMR,2017.0,anxiety,3.313936
Philippines,PHL,1990.0,anxiety,3.222794
Philippines,PHL,1991.0,anxiety,3.220717
Philippines,PHL,1992.0,anxiety,3.218667
Philippines,PHL,1993.0,anxiety,3.216917
Philippines,PHL,1994.0,anxiety,3.215568
Philippines,PHL,1995.0,anxiety,3.214665
Philippines,PHL,1996.0,anxiety,3.214081
Philippines,PHL,1997.0,anxiety,3.21334
Philippines,PHL,1998.0,anxiety,3.212754
Philippines,PHL,1999.0,anxiety,3.212658
Philippines,PHL,2000.0,anxiety,3.212918
Philippines,PHL,2001.0,anxiety,3.214969
Philippines,PHL,2002.0,anxiety,3.21925
Philippines,PHL,2003.0,anxiety,3.224935
Philippines,PHL,2004.0,anxiety,3.23053
Philippines,PHL,2005.0,anxiety,3.233963
Philippines,PHL,2006.0,anxiety,3.236495
Philippines,PHL,2007.0,anxiety,3.240171
Philippines,PHL,2008.0,anxiety,3.244205
Philippines,PHL,2009.0,anxiety,3.247786
Philippines,PHL,2010.0,anxiety,3.249933
Philippines,PHL,2011.0,anxiety,3.251359
Philippines,PHL,2012.0,anxiety,3.253039
Philippines,PHL,2013.0,anxiety,3.255141
Philippines,PHL,2014.0,anxiety,3.257721
Philippines,PHL,2015.0,anxiety,3.260932
Philippines,PHL,2016.0,anxiety,3.26487
Philippines,PHL,2017.0,anxiety,3.26972
Singapore,SGP,1990.0,anxiety,3.598128
Singapore,SGP,1991.0,anxiety,3.601958
Singapore,SGP,1992.0,anxiety,3.606707
Singapore,SGP,1993.0,anxiety,3.611591
Singapore,SGP,1994.0,anxiety,3.61659
Singapore,SGP,1995.0,anxiety,3.621448
Singapore,SGP,1996.0,anxiety,3.627898
Singapore,SGP,1997.0,anxiety,3.637153
Singapore,SGP,1998.0,anxiety,3.64758
Singapore,SGP,1999.0,anxiety,3.65695
Singapore,SGP,2000.0,anxiety,3.663336
Singapore,SGP,2001.0,anxiety,3.667297
Singapore,SGP,2002.0,anxiety,3.671236
Singapore,SGP,2003.0,anxiety,3.675672
Singapore,SGP,2004.0,anxiety,3.68038
Singapore,SGP,2005.0,anxiety,3.684884
Singapore,SGP,2006.0,anxiety,3.690104
Singapore,SGP,2007.0,anxiety,3.696331
Singapore,SGP,2008.0,anxiety,3.703338
Singapore,SGP,2009.0,anxiety,3.710013
Singapore,SGP,2010.0,anxiety,3.714978
Singapore,SGP,2011.0,anxiety,3.71891
Singapore,SGP,2012.0,anxiety,3.72263
Singapore,SGP,2013.0,anxiety,3.725906
Singapore,SGP,2014.0,anxiety,3.72849
Singapore,SGP,2015.0,anxiety,3.729619
Singapore,SGP,2016.0,anxiety,3.730091
Singapore,SGP,2017.0,anxiety,3.730467
Southeast Asia,,1990.0,anxiety,3.104497
Southeast Asia,,1991.0,anxiety,3.104071
Southeast Asia,,1992.0,anxiety,3.104224
Southeast Asia,,1993.0,anxiety,3.104813
Southeast Asia,,1994.0,anxiety,3.105775
Southeast Asia,,1995.0,anxiety,3.107246
Southeast Asia,,1996.0,anxiety,3.109888
Southeast Asia,,1997.0,anxiety,3.114321
Southeast Asia,,1998.0,anxiety,3.119526
Southeast Asia,,1999.0,anxiety,3.12444
Southeast Asia,,2000.0,anxiety,3.127922
Southeast Asia,,2001.0,anxiety,3.130541
Southeast Asia,,2002.0,anxiety,3.133947
Southeast Asia,,2003.0,anxiety,3.137647
Southeast Asia,,2004.0,anxiety,3.141101
Southeast Asia,,2005.0,anxiety,3.143531
Southeast Asia,,2006.0,anxiety,3.145136
Southeast Asia,,2007.0,anxiety,3.147172
Southeast Asia,,2008.0,anxiety,3.14936
Southeast Asia,,2009.0,anxiety,3.151407
Southeast Asia,,2010.0,anxiety,3.153017
Southeast Asia,,2011.0,anxiety,3.154217
Southeast Asia,,2012.0,anxiety,3.155532
Southeast Asia,,2013.0,anxiety,3.157019
Southeast Asia,,2014.0,anxiety,3.158617
Southeast Asia,,2015.0,anxiety,3.160389
Southeast Asia,,2016.0,anxiety,3.162166
Southeast Asia,,2017.0,anxiety,3.164195
Thailand,THA,1990.0,anxiety,3.248571
Thailand,THA,1991.0,anxiety,3.250578
Thailand,THA,1992.0,anxiety,3.253267
Thailand,THA,1993.0,anxiety,3.256435
Thailand,THA,1994.0,anxiety,3.259934
Thailand,THA,1995.0,anxiety,3.263349
Thailand,THA,1996.0,anxiety,3.267825
Thailand,THA,1997.0,anxiety,3.273845
Thailand,THA,1998.0,anxiety,3.280344
Thailand,THA,1999.0,anxiety,3.286557
Thailand,THA,2000.0,anxiety,3.29135
Thailand,THA,2001.0,anxiety,3.295572
Thailand,THA,2002.0,anxiety,3.30037
Thailand,THA,2003.0,anxiety,3.305091
Thailand,THA,2004.0,anxiety,3.308901
Thailand,THA,2005.0,anxiety,3.31082
Thailand,THA,2006.0,anxiety,3.311819
Thailand,THA,2007.0,anxiety,3.313176
Thailand,THA,2008.0,anxiety,3.314596
Thailand,THA,2009.0,anxiety,3.315926
Thailand,THA,2010.0,anxiety,3.316719
Thailand,THA,2011.0,anxiety,3.317575
Thailand,THA,2012.0,anxiety,3.318707
Thailand,THA,2013.0,anxiety,3.320248
Thailand,THA,2014.0,anxiety,3.322081
Thailand,THA,2015.0,anxiety,3.324273
Thailand,THA,2016.0,anxiety,3.326769
Thailand,THA,2017.0,anxiety,3.329594
Timor,TLS,2002.0,anxiety,3.196728
Timor,TLS,2003.0,anxiety,3.201111
Timor,TLS,2004.0,anxiety,3.204729
Timor,TLS,2005.0,anxiety,3.206818
Timor,TLS,2006.0,anxiety,3.208283
Timor,TLS,2007.0,anxiety,3.210443
Timor,TLS,2008.0,anxiety,3.213017
Timor,TLS,2009.0,anxiety,3.215764
Timor,TLS,2010.0,anxiety,3.217715
Timor,TLS,2011.0,anxiety,3.219337
Timor,TLS,2012.0,anxiety,3.221363
Timor,TLS,2013.0,anxiety,3.223739
Timor,TLS,2014.0,anxiety,3.226384
Timor,TLS,2015.0,anxiety,3.228908
Timor,TLS,2016.0,anxiety,3.230988
Timor,TLS,2017.0,anxiety,3.232661
World,OWID_WRL,1990.0,anxiety,3.774653
World,OWID_WRL,1991.0,anxiety,3.77276
World,OWID_WRL,1992.0,anxiety,3.771018
World,OWID_WRL,1993.0,anxiety,3.76986
World,OWID_WRL,1994.0,anxiety,3.769128
World,OWID_WRL,1995.0,anxiety,3.7686
World,OWID_WRL,1996.0,anxiety,3.774325
World,OWID_WRL,1997.0,anxiety,3.78865
World,OWID_WRL,1998.0,anxiety,3.805902
World,OWID_WRL,1999.0,anxiety,3.820742
World,OWID_WRL,2000.0,anxiety,3.827818
World,OWID_WRL,2001.0,anxiety,3.826978
World,OWID_WRL,2002.0,anxiety,3.822782
World,OWID_WRL,2003.0,anxiety,3.817055
World,OWID_WRL,2004.0,anxiety,3.811635
World,OWID_WRL,2005.0,anxiety,3.808009
World,OWID_WRL,2006.0,anxiety,3.805492
World,OWID_WRL,2007.0,anxiety,3.802539
World,OWID_WRL,2008.0,anxiety,3.799581
World,OWID_WRL,2009.0,anxiety,3.796921
World,OWID_WRL,2010.0,anxiety,3.794097
World,OWID_WRL,2011.0,anxiety,3.791093
World,OWID_WRL,2012.0,anxiety,3.787528
World,OWID_WRL,2013.0,anxiety,3.783535
World,OWID_WRL,2014.0,anxiety,3.779191
World,OWID_WRL,2015.0,anxiety,3.774285
World,OWID_WRL,2016.0,anxiety,3.769698
World,OWID_WRL,2017.0,anxiety,3.764811
Brunei,BRN,1990.0,drug_use,0.911231
Brunei,BRN,1991.0,drug_use,0.910156
Brunei,BRN,1992.0,drug_use,0.910287
Brunei,BRN,1993.0,drug_use,0.910409
Brunei,BRN,1994.0,drug_use,0.908915
Brunei,BRN,1995.0,drug_use,0.907415
Brunei,BRN,1996.0,drug_use,0.906282
Brunei,BRN,1997.0,drug_use,0.905336
Brunei,BRN,1998.0,drug_use,0.904424
Brunei,BRN,1999.0,drug_use,0.903226
Brunei,BRN,2000.0,drug_use,0.902261
Brunei,BRN,2001.0,drug_use,0.898395
Brunei,BRN,2002.0,drug_use,0.895195
Brunei,BRN,2003.0,drug_use,0.890351
Brunei,BRN,2004.0,drug_use,0.886293
Brunei,BRN,2005.0,drug_use,0.885211
Brunei,BRN,2006.0,drug_use,0.883769
Brunei,BRN,2007.0,drug_use,0.883679
Brunei,BRN,2008.0,drug_use,0.884252
Brunei,BRN,2009.0,drug_use,0.885055
Brunei,BRN,2010.0,drug_use,0.886598
Brunei,BRN,2011.0,drug_use,0.888067
Brunei,BRN,2012.0,drug_use,0.890235
Brunei,BRN,2013.0,drug_use,0.892632
Brunei,BRN,2014.0,drug_use,0.895784
Brunei,BRN,2015.0,drug_use,0.898972
Brunei,BRN,2016.0,drug_use,0.903239
Brunei,BRN,2017.0,drug_use,0.906697
Cambodia,KHM,1990.0,drug_use,0.523097
Cambodia,KHM,1991.0,drug_use,0.524506
Cambodia,KHM,1992.0,drug_use,0.525953
Cambodia,KHM,1993.0,drug_use,0.527448
Cambodia,KHM,1994.0,drug_use,0.528432
Cambodia,KHM,1995.0,drug_use,0.529347
Cambodia,KHM,1996.0,drug_use,0.531208
Cambodia,KHM,1997.0,drug_use,0.531971
Cambodia,KHM,1998.0,drug_use,0.533037
Cambodia,KHM,1999.0,drug_use,0.534984
Cambodia,KHM,2000.0,drug_use,0.53589
Cambodia,KHM,2001.0,drug_use,0.53662
Cambodia,KHM,2002.0,drug_use,0.538629
Cambodia,KHM,2003.0,drug_use,0.539099
Cambodia,KHM,2004.0,drug_use,0.540723
Cambodia,KHM,2005.0,drug_use,0.542221
Cambodia,KHM,2006.0,drug_use,0.54319
Cambodia,KHM,2007.0,drug_use,0.544267
Cambodia,KHM,2008.0,drug_use,0.546068
Cambodia,KHM,2009.0,drug_use,0.547151
Cambodia,KHM,2010.0,drug_use,0.549845
Cambodia,KHM,2011.0,drug_use,0.551556
Cambodia,KHM,2012.0,drug_use,0.555019
Cambodia,KHM,2013.0,drug_use,0.558189
Cambodia,KHM,2014.0,drug_use,0.560617
Cambodia,KHM,2015.0,drug_use,0.564367
Cambodia,KHM,2016.0,drug_use,0.566947
Cambodia,KHM,2017.0,drug_use,0.570337
Indonesia,IDN,1990.0,drug_use,0.535668
Indonesia,IDN,1991.0,drug_use,0.537273
Indonesia,IDN,1992.0,drug_use,0.538824
Indonesia,IDN,1993.0,drug_use,0.540447
Indonesia,IDN,1994.0,drug_use,0.541883
Indonesia,IDN,1995.0,drug_use,0.543038
Indonesia,IDN,1996.0,drug_use,0.543623
Indonesia,IDN,1997.0,drug_use,0.544292
Indonesia,IDN,1998.0,drug_use,0.544777
Indonesia,IDN,1999.0,drug_use,0.545103
Indonesia,IDN,2000.0,drug_use,0.545701
Indonesia,IDN,2001.0,drug_use,0.546554
Indonesia,IDN,2002.0,drug_use,0.547179
Indonesia,IDN,2003.0,drug_use,0.548351
Indonesia,IDN,2004.0,drug_use,0.549071
Indonesia,IDN,2005.0,drug_use,0.549916
Indonesia,IDN,2006.0,drug_use,0.551714
Indonesia,IDN,2007.0,drug_use,0.5548
Indonesia,IDN,2008.0,drug_use,0.558683
Indonesia,IDN,2009.0,drug_use,0.562511
Indonesia,IDN,2010.0,drug_use,0.565929
Indonesia,IDN,2011.0,drug_use,0.56906
Indonesia,IDN,2012.0,drug_use,0.572218
Indonesia,IDN,2013.0,drug_use,0.575353
Indonesia,IDN,2014.0,drug_use,0.578526
Indonesia,IDN,2015.0,drug_use,0.581601
Indonesia,IDN,2016.0,drug_use,0.585003
Indonesia,IDN,2017.0,drug_use,0.588079
Laos,LAO,1990.0,drug_use,0.602532
Laos,LAO,1991.0,drug_use,0.6027
Laos,LAO,1992.0,drug_use,0.60322
Laos,LAO,1993.0,drug_use,0.603923
Laos,LAO,1994.0,drug_use,0.605355
Laos,LAO,1995.0,drug_use,0.606354
Laos,LAO,1996.0,drug_use,0.61079
Laos,LAO,1997.0,drug_use,0.621741
Laos,LAO,1998.0,drug_use,0.63327
Laos,LAO,1999.0,drug_use,0.643859
Laos,LAO,2000.0,drug_use,0.650189
Laos,LAO,2001.0,drug_use,0.652594
Laos,LAO,2002.0,drug_use,0.654478
Laos,LAO,2003.0,drug_use,0.65677
Laos,LAO,2004.0,drug_use,0.659114
Laos,LAO,2005.0,drug_use,0.659786
Laos,LAO,2006.0,drug_use,0.66231
Laos,LAO,2007.0,drug_use,0.66517
Laos,LAO,2008.0,drug_use,0.667032
Laos,LAO,2009.0,drug_use,0.669561
Laos,LAO,2010.0,drug_use,0.670711
Laos,LAO,2011.0,drug_use,0.671772
Laos,LAO,2012.0,drug_use,0.671029
Laos,LAO,2013.0,drug_use,0.670158
Laos,LAO,2014.0,drug_use,0.66798
Laos,LAO,2015.0,drug_use,0.666111
Laos,LAO,2016.0,drug_use,0.662512
Laos,LAO,2017.0,drug_use,0.659139
Malaysia,MYS,1990.0,drug_use,0.599184
Malaysia,MYS,1991.0,drug_use,0.603073
Malaysia,MYS,1992.0,drug_use,0.608818
Malaysia,MYS,1993.0,drug_use,0.613741
Malaysia,MYS,1994.0,drug_use,0.617635
Malaysia,MYS,1995.0,drug_use,0.62158
Malaysia,MYS,1996.0,drug_use,0.625676
Malaysia,MYS,1997.0,drug_use,0.630222
Malaysia,MYS,1998.0,drug_use,0.635449
Malaysia,MYS,1999.0,drug_use,0.640208
Malaysia,MYS,2000.0,drug_use,0.644122
Malaysia,MYS,2001.0,drug_use,0.646986
Malaysia,MYS,2002.0,drug_use,0.650293
Malaysia,MYS,2003.0,drug_use,0.652729
Malaysia,MYS,2004.0,drug_use,0.654007
Malaysia,MYS,2005.0,drug_use,0.656393
Malaysia,MYS,2006.0,drug_use,0.656002
Malaysia,MYS,2007.0,drug_use,0.653429
Malaysia,MYS,2008.0,drug_use,0.651567
Malaysia,MYS,2009.0,drug_use,0.649421
Malaysia,MYS,2010.0,drug_use,0.649305
Malaysia,MYS,2011.0,drug_use,0.651677
Malaysia,MYS,2012.0,drug_use,0.654335
Malaysia,MYS,2013.0,drug_use,0.657346
Malaysia,MYS,2014.0,drug_use,0.660581
Malaysia,MYS,2015.0,drug_use,0.664769
Malaysia,MYS,2016.0,drug_use,0.669224
Malaysia,MYS,2017.0,drug_use,0.673644
Myanmar,MMR,1990.0,drug_use,0.554365
Myanmar,MMR,1991.0,drug_use,0.554288
Myanmar,MMR,1992.0,drug_use,0.554365
Myanmar,MMR,1993.0,drug_use,0.555014
Myanmar,MMR,1994.0,drug_use,0.554577
Myanmar,MMR,1995.0,drug_use,0.554466
Myanmar,MMR,1996.0,drug_use,0.556724
Myanmar,MMR,1997.0,drug_use,0.559727
Myanmar,MMR,1998.0,drug_use,0.564505
Myanmar,MMR,1999.0,drug_use,0.567142
Myanmar,MMR,2000.0,drug_use,0.56951
Myanmar,MMR,2001.0,drug_use,0.568841
Myanmar,MMR,2002.0,drug_use,0.568675
Myanmar,MMR,2003.0,drug_use,0.568645
Myanmar,MMR,2004.0,drug_use,0.568369
Myanmar,MMR,2005.0,drug_use,0.568402
Myanmar,MMR,2006.0,drug_use,0.56744
Myanmar,MMR,2007.0,drug_use,0.566608
Myanmar,MMR,2008.0,drug_use,0.565027
Myanmar,MMR,2009.0,drug_use,0.564461
Myanmar,MMR,2010.0,drug_use,0.564225
Myanmar,MMR,2011.0,drug_use,0.565363
Myanmar,MMR,2012.0,drug_use,0.566976
Myanmar,MMR,2013.0,drug_use,0.568487
Myanmar,MMR,2014.0,drug_use,0.57025
Myanmar,MMR,2015.0,drug_use,0.572084
Myanmar,MMR,2016.0,drug_use,0.574688
Myanmar,MMR,2017.0,drug_use,0.576855
Philippines,PHL,1990.0,drug_use,0.673144
Philippines,PHL,1991.0,drug_use,0.672529
Philippines,PHL,1992.0,drug_use,0.671354
Philippines,PHL,1993.0,drug_use,0.669271
Philippines,PHL,1994.0,drug_use,0.666793
Philippines,PHL,1995.0,drug_use,0.665048
Philippines,PHL,1996.0,drug_use,0.662103
Philippines,PHL,1997.0,drug_use,0.658047
Philippines,PHL,1998.0,drug_use,0.653219
Philippines,PHL,1999.0,drug_use,0.648536
Philippines,PHL,2000.0,drug_use,0.643413
Philippines,PHL,2001.0,drug_use,0.637784
Philippines,PHL,2002.0,drug_use,0.631259
Philippines,PHL,2003.0,drug_use,0.624416
Philippines,PHL,2004.0,drug_use,0.619837
Philippines,PHL,2005.0,drug_use,0.618354
Philippines,PHL,2006.0,drug_use,0.619706
Philippines,PHL,2007.0,drug_use,0.621566
Philippines,PHL,2008.0,drug_use,0.623479
Philippines,PHL,2009.0,drug_use,0.625624
Philippines,PHL,2010.0,drug_use,0.628205
Philippines,PHL,2011.0,drug_use,0.631187
Philippines,PHL,2012.0,drug_use,0.632605
Philippines,PHL,2013.0,drug_use,0.635704
Philippines,PHL,2014.0,drug_use,0.638873
Philippines,PHL,2015.0,drug_use,0.641977
Philippines,PHL,2016.0,drug_use,0.64547
Philippines,PHL,2017.0,drug_use,0.648898
Singapore,SGP,1990.0,drug_use,0.870878
Singapore,SGP,1991.0,drug_use,0.871673
Singapore,SGP,1992.0,drug_use,0.872894
Singapore,SGP,1993.0,drug_use,0.873807
Singapore,SGP,1994.0,drug_use,0.874224
Singapore,SGP,1995.0,drug_use,0.875253
Singapore,SGP,1996.0,drug_use,0.87663
Singapore,SGP,1997.0,drug_use,0.880213
Singapore,SGP,1998.0,drug_use,0.882298
Singapore,SGP,1999.0,drug_use,0.885081
Singapore,SGP,2000.0,drug_use,0.88601
Singapore,SGP,2001.0,drug_use,0.887601
Singapore,SGP,2002.0,drug_use,0.888123
Singapore,SGP,2003.0,drug_use,0.888655
Singapore,SGP,2004.0,drug_use,0.890016
Singapore,SGP,2005.0,drug_use,0.890601
Singapore,SGP,2006.0,drug_use,0.892023
Singapore,SGP,2007.0,drug_use,0.895746
Singapore,SGP,2008.0,drug_use,0.899624
Singapore,SGP,2009.0,drug_use,0.903514
Singapore,SGP,2010.0,drug_use,0.905922
Singapore,SGP,2011.0,drug_use,0.90722
Singapore,SGP,2012.0,drug_use,0.908718
Singapore,SGP,2013.0,drug_use,0.90987
Singapore,SGP,2014.0,drug_use,0.910808
Singapore,SGP,2015.0,drug_use,0.912167
Singapore,SGP,2016.0,drug_use,0.913157
Singapore,SGP,2017.0,drug_use,0.914669
Southeast Asia,,1990.0,drug_use,0.602641
Southeast Asia,,1991.0,drug_use,0.603582
Southeast Asia,,1992.0,drug_use,0.604809
Southeast Asia,,1993.0,drug_use,0.60614
Southeast Asia,,1994.0,drug_use,0.607339
Southeast Asia,,1995.0,drug_use,0.608353
Southeast Asia,,1996.0,drug_use,0.610933
Southeast Asia,,1997.0,drug_use,0.61501
Southeast Asia,,1998.0,drug_use,0.61962
Southeast Asia,,1999.0,drug_use,0.623
Southeast Asia,,2000.0,drug_use,0.624802
Southeast Asia,,2001.0,drug_use,0.624705
Southeast Asia,,2002.0,drug_use,0.624317
Southeast Asia,,2003.0,drug_use,0.624349
Southeast Asia,,2004.0,drug_use,0.624354
Southeast Asia,,2005.0,drug_use,0.624698
Southeast Asia,,2006.0,drug_use,0.624471
Southeast Asia,,2007.0,drug_use,0.622827
Southeast Asia,,2008.0,drug_use,0.620877
Southeast Asia,,2009.0,drug_use,0.619878
Southeast Asia,,2010.0,drug_use,0.620692
Southeast Asia,,2011.0,drug_use,0.623049
Southeast Asia,,2012.0,drug_use,0.625374
Southeast Asia,,2013.0,drug_use,0.628392
Southeast Asia,,2014.0,drug_use,0.631666
Southeast Asia,,2015.0,drug_use,0.635077
Southeast Asia,,2016.0,drug_use,0.63916
Southeast Asia,,2017.0,drug_use,0.643613
Thailand,THA,1990.0,drug_use,0.751753
Thailand,THA,1991.0,drug_use,0.753249
Thailand,THA,1992.0,drug_use,0.757215
Thailand,THA,1993.0,drug_use,0.762431
Thailand,THA,1994.0,drug_use,0.768406
Thailand,THA,1995.0,drug_use,0.773351
Thailand,THA,1996.0,drug_use,0.79075
Thailand,THA,1997.0,drug_use,0.82235
Thailand,THA,1998.0,drug_use,0.857609
Thailand,THA,1999.0,drug_use,0.887794
Thailand,THA,2000.0,drug_use,0.903439
Thailand,THA,2001.0,drug_use,0.907508
Thailand,THA,2002.0,drug_use,0.909875
Thailand,THA,2003.0,drug_use,0.913725
Thailand,THA,2004.0,drug_use,0.916717
Thailand,THA,2005.0,drug_use,0.917915
Thailand,THA,2006.0,drug_use,0.9052
Thailand,THA,2007.0,drug_use,0.873104
Thailand,THA,2008.0,drug_use,0.834454
Thailand,THA,2009.0,drug_use,0.802976
Thailand,THA,2010.0,drug_use,0.789129
Thailand,THA,2011.0,drug_use,0.789643
Thailand,THA,2012.0,drug_use,0.791562
Thailand,THA,2013.0,drug_use,0.795457
Thailand,THA,2014.0,drug_use,0.802973
Thailand,THA,2015.0,drug_use,0.81183
Thailand,THA,2016.0,drug_use,0.826159
Thailand,THA,2017.0,drug_use,0.846268
Timor,TLS,2002.0,drug_use,0.600225
Timor,TLS,2003.0,drug_use,0.600719
Timor,TLS,2004.0,drug_use,0.602195
Timor,TLS,2005.0,drug_use,0.60248
Timor,TLS,2006.0,drug_use,0.603899
Timor,TLS,2007.0,drug_use,0.607403
Timor,TLS,2008.0,drug_use,0.611572
Timor,TLS,2009.0,drug_use,0.615856
Timor,TLS,2010.0,drug_use,0.618708
Timor,TLS,2011.0,drug_use,0.620989
Timor,TLS,2012.0,drug_use,0.623697
Timor,TLS,2013.0,drug_use,0.626121
Timor,TLS,2014.0,drug_use,0.627091
Timor,TLS,2015.0,drug_use,0.62952
Timor,TLS,2016.0,drug_use,0.630828
Timor,TLS,2017.0,drug_use,0.632557
World,OWID_WRL,1990.0,drug_use,0.90085
World,OWID_WRL,1991.0,drug_use,0.900952
World,OWID_WRL,1992.0,drug_use,0.901787
World,OWID_WRL,1993.0,drug_use,0.903045
World,OWID_WRL,1994.0,drug_use,0.904346
World,OWID_WRL,1995.0,drug_use,0.905352
World,OWID_WRL,1996.0,drug_use,0.907855
World,OWID_WRL,1997.0,drug_use,0.912141
World,OWID_WRL,1998.0,drug_use,0.916817
World,OWID_WRL,1999.0,drug_use,0.920007
World,OWID_WRL,2000.0,drug_use,0.920009
World,OWID_WRL,2001.0,drug_use,0.917895
World,OWID_WRL,2002.0,drug_use,0.915672
World,OWID_WRL,2003.0,drug_use,0.91355
World,OWID_WRL,2004.0,drug_use,0.911474
World,OWID_WRL,2005.0,drug_use,0.909666
World,OWID_WRL,2006.0,drug_use,0.908198
World,OWID_WRL,2007.0,drug_use,0.907976
World,OWID_WRL,2008.0,drug_use,0.90868
World,OWID_WRL,2009.0,drug_use,0.910655
World,OWID_WRL,2010.0,drug_use,0.911891
World,OWID_WRL,2011.0,drug_use,0.91385
World,OWID_WRL,2012.0,drug_use,0.916861
World,OWID_WRL,2013.0,drug_use,0.920595
World,OWID_WRL,2014.0,drug_use,0.924949
World,OWID_WRL,2015.0,drug_use,0.929892
World,OWID_WRL,2016.0,drug_use,0.935503
World,OWID_WRL,2017.0,drug_use,0.941628
Brunei,BRN,1990.0,depression,2.577977
Brunei,BRN,1991.0,depression,2.562828
Brunei,BRN,1992.0,depression,2.551382
Brunei,BRN,1993.0,depression,2.543804
Brunei,BRN,1994.0,depression,2.538465
Brunei,BRN,1995.0,depression,2.538254
Brunei,BRN,1996.0,depression,2.542379
Brunei,BRN,1997.0,depression,2.546257
Brunei,BRN,1998.0,depression,2.551476
Brunei,BRN,1999.0,depression,2.55465
Brunei,BRN,2000.0,depression,2.556106
Brunei,BRN,2001.0,depression,2.560494
Brunei,BRN,2002.0,depression,2.56292
Brunei,BRN,2003.0,depression,2.564558
Brunei,BRN,2004.0,depression,2.564859
Brunei,BRN,2005.0,depression,2.564437
Brunei,BRN,2006.0,depression,2.557599
Brunei,BRN,2007.0,depression,2.547353
Brunei,BRN,2008.0,depression,2.535507
Brunei,BRN,2009.0,depression,2.525218
Brunei,BRN,2010.0,depression,2.520511
Brunei,BRN,2011.0,depression,2.520227
Brunei,BRN,2012.0,depression,2.52084
Brunei,BRN,2013.0,depression,2.524062
Brunei,BRN,2014.0,depression,2.528216
Brunei,BRN,2015.0,depression,2.537144
Brunei,BRN,2016.0,depression,2.548472
Brunei,BRN,2017.0,depression,2.561983
Cambodia,KHM,1990.0,depression,3.161072
Cambodia,KHM,1991.0,depression,3.182021
Cambodia,KHM,1992.0,depression,3.198155
Cambodia,KHM,1993.0,depression,3.212603
Cambodia,KHM,1994.0,depression,3.220113
Cambodia,KHM,1995.0,depression,3.224542
Cambodia,KHM,1996.0,depression,3.222364
Cambodia,KHM,1997.0,depression,3.216061
Cambodia,KHM,1998.0,depression,3.208331
Cambodia,KHM,1999.0,depression,3.199992
Cambodia,KHM,2000.0,depression,3.192875
Cambodia,KHM,2001.0,depression,3.184029
Cambodia,KHM,2002.0,depression,3.175449
Cambodia,KHM,2003.0,depression,3.16658
Cambodia,KHM,2004.0,depression,3.159335
Cambodia,KHM,2005.0,depression,3.151792
Cambodia,KHM,2006.0,depression,3.145051
Cambodia,KHM,2007.0,depression,3.137938
Cambodia,KHM,2008.0,depression,3.130472
Cambodia,KHM,2009.0,depression,3.124683
Cambodia,KHM,2010.0,depression,3.118402
Cambodia,KHM,2011.0,depression,3.115061
Cambodia,KHM,2012.0,depression,3.110733
Cambodia,KHM,2013.0,depression,3.10775
Cambodia,KHM,2014.0,depression,3.103511
Cambodia,KHM,2015.0,depression,3.100648
Cambodia,KHM,2016.0,depression,3.096661
Cambodia,KHM,2017.0,depression,3.094945
Indonesia,IDN,1990.0,depression,2.632151
Indonesia,IDN,1991.0,depression,2.626713
Indonesia,IDN,1992.0,depression,2.622194
Indonesia,IDN,1993.0,depression,2.61879
Indonesia,IDN,1994.0,depression,2.616341
Indonesia,IDN,1995.0,depression,2.615768
Indonesia,IDN,1996.0,depression,2.616892
Indonesia,IDN,1997.0,depression,2.618268
Indonesia,IDN,1998.0,depression,2.619794
Indonesia,IDN,1999.0,depression,2.621846
Indonesia,IDN,2000.0,depression,2.623082
Indonesia,IDN,2001.0,depression,2.625586
Indonesia,IDN,2002.0,depression,2.628493
Indonesia,IDN,2003.0,depression,2.631728
Indonesia,IDN,2004.0,depression,2.634367
Indonesia,IDN,2005.0,depression,2.635058
Indonesia,IDN,2006.0,depression,2.632224
Indonesia,IDN,2007.0,depression,2.625918
Indonesia,IDN,2008.0,depression,2.618158
Indonesia,IDN,2009.0,depression,2.612387
Indonesia,IDN,2010.0,depression,2.609842
Indonesia,IDN,2011.0,depression,2.610547
Indonesia,IDN,2012.0,depression,2.612448
Indonesia,IDN,2013.0,depression,2.615656
Indonesia,IDN,2014.0,depression,2.619625
Indonesia,IDN,2015.0,depression,2.625926
Indonesia,IDN,2016.0,depression,2.633091
Indonesia,IDN,2017.0,depression,2.642736
Laos,LAO,1990.0,depression,2.89951
Laos,LAO,1991.0,depression,2.926229
Laos,LAO,1992.0,depression,2.948154
Laos,LAO,1993.0,depression,2.962173
Laos,LAO,1994.0,depression,2.972031
Laos,LAO,1995.0,depression,2.975201
Laos,LAO,1996.0,depression,2.967245
Laos,LAO,1997.0,depression,2.947506
Laos,LAO,1998.0,depression,2.922596
Laos,LAO,1999.0,depression,2.900491
Laos,LAO,2000.0,depression,2.888245
Laos,LAO,2001.0,depression,2.885592
Laos,LAO,2002.0,depression,2.883402
Laos,LAO,2003.0,depression,2.884395
Laos,LAO,2004.0,depression,2.884185
Laos,LAO,2005.0,depression,2.88176
Laos,LAO,2006.0,depression,2.878912
Laos,LAO,2007.0,depression,2.874339
Laos,LAO,2008.0,depression,2.870565
Laos,LAO,2009.0,depression,2.865837
Laos,LAO,2010.0,depression,2.867502
Laos,LAO,2011.0,depression,2.868013
Laos,LAO,2012.0,depression,2.871419
Laos,LAO,2013.0,depression,2.876081
Laos,LAO,2014.0,depression,2.882535
Laos,LAO,2015.0,depression,2.890786
Laos,LAO,2016.0,depression,2.900348
Laos,LAO,2017.0,depression,2.912431
Malaysia,MYS,1990.0,depression,3.221567
Malaysia,MYS,1991.0,depression,3.224416
Malaysia,MYS,1992.0,depression,3.227375
Malaysia,MYS,1993.0,depression,3.226866
Malaysia,MYS,1994.0,depression,3.228043
Malaysia,MYS,1995.0,depression,3.228262
Malaysia,MYS,1996.0,depression,3.224859
Malaysia,MYS,1997.0,depression,3.218262
Malaysia,MYS,1998.0,depression,3.212175
Malaysia,MYS,1999.0,depression,3.209483
Malaysia,MYS,2000.0,depression,3.212443
Malaysia,MYS,2001.0,depression,3.239027
Malaysia,MYS,2002.0,depression,3.289095
Malaysia,MYS,2003.0,depression,3.34399
Malaysia,MYS,2004.0,depression,3.391976
Malaysia,MYS,2005.0,depression,3.412226
Malaysia,MYS,2006.0,depression,3.411037
Malaysia,MYS,2007.0,depression,3.404257
Malaysia,MYS,2008.0,depression,3.39477
Malaysia,MYS,2009.0,depression,3.389505
Malaysia,MYS,2010.0,depression,3.386558
Malaysia,MYS,2011.0,depression,3.38919
Malaysia,MYS,2012.0,depression,3.399075
Malaysia,MYS,2013.0,depression,3.415474
Malaysia,MYS,2014.0,depression,3.435105
Malaysia,MYS,2015.0,depression,3.461155
Malaysia,MYS,2016.0,depression,3.489505
Malaysia,MYS,2017.0,depression,3.520854
Myanmar,MMR,1990.0,depression,2.24431
Myanmar,MMR,1991.0,depression,2.246085
Myanmar,MMR,1992.0,depression,2.246402
Myanmar,MMR,1993.0,depression,2.248158
Myanmar,MMR,1994.0,depression,2.247234
Myanmar,MMR,1995.0,depression,2.248275
Myanmar,MMR,1996.0,depression,2.246978
Myanmar,MMR,1997.0,depression,2.24188
Myanmar,MMR,1998.0,depression,2.238113
Myanmar,MMR,1999.0,depression,2.234059
Myanmar,MMR,2000.0,depression,2.233269
Myanmar,MMR,2001.0,depression,2.235922
Myanmar,MMR,2002.0,depression,2.237573
Myanmar,MMR,2003.0,depression,2.239579
Myanmar,MMR,2004.0,depression,2.242549
Myanmar,MMR,2005.0,depression,2.244641
Myanmar,MMR,2006.0,depression,2.247225
Myanmar,MMR,2007.0,depression,2.248896
Myanmar,MMR,2008.0,depression,2.250329
Myanmar,MMR,2009.0,depression,2.250691
Myanmar,MMR,2010.0,depression,2.252659
Myanmar,MMR,2011.0,depression,2.255905
Myanmar,MMR,2012.0,depression,2.26182
Myanmar,MMR,2013.0,depression,2.267493
Myanmar,MMR,2014.0,depression,2.274676
Myanmar,MMR,2015.0,depression,2.282712
Myanmar,MMR,2016.0,depression,2.290754
Myanmar,MMR,2017.0,depression,2.300982
Philippines,PHL,1990.0,depression,2.953031
Philippines,PHL,1991.0,depression,2.941468
Philippines,PHL,1992.0,depression,2.930071
Philippines,PHL,1993.0,depression,2.915946
Philippines,PHL,1994.0,depression,2.900552
Philippines,PHL,1995.0,depression,2.885948
Philippines,PHL,1996.0,depression,2.862835
Philippines,PHL,1997.0,depression,2.829757
Philippines,PHL,1998.0,depression,2.794866
Philippines,PHL,1999.0,depression,2.7643
Philippines,PHL,2000.0,depression,2.744974
Philippines,PHL,2001.0,depression,2.732641
Philippines,PHL,2002.0,depression,2.722645
Philippines,PHL,2003.0,depression,2.716396
Philippines,PHL,2004.0,depression,2.711981
Philippines,PHL,2005.0,depression,2.710132
Philippines,PHL,2006.0,depression,2.711847
Philippines,PHL,2007.0,depression,2.714691
Philippines,PHL,2008.0,depression,2.718874
Philippines,PHL,2009.0,depression,2.722347
Philippines,PHL,2010.0,depression,2.724996
Philippines,PHL,2011.0,depression,2.728667
Philippines,PHL,2012.0,depression,2.732704
Philippines,PHL,2013.0,depression,2.737509
Philippines,PHL,2014.0,depression,2.743462
Philippines,PHL,2015.0,depression,2.749335
Philippines,PHL,2016.0,depression,2.756013
Philippines,PHL,2017.0,depression,2.765176
Singapore,SGP,1990.0,depression,3.926732
Singapore,SGP,1991.0,depression,3.95624
Singapore,SGP,1992.0,depression,3.981979
Singapore,SGP,1993.0,depression,4.000174
Singapore,SGP,1994.0,depression,4.008024
Singapore,SGP,1995.0,depression,4.000114
Singapore,SGP,1996.0,depression,3.982002
Singapore,SGP,1997.0,depression,3.965194
Singapore,SGP,1998.0,depression,3.945363
Singapore,SGP,1999.0,depression,3.921154
Singapore,SGP,2000.0,depression,3.894925
Singapore,SGP,2001.0,depression,3.836638
Singapore,SGP,2002.0,depression,3.742717
Singapore,SGP,2003.0,depression,3.63728
Singapore,SGP,2004.0,depression,3.54791
Singapore,SGP,2005.0,depression,3.494622
Singapore,SGP,2006.0,depression,3.472043
Singapore,SGP,2007.0,depression,3.450938
Singapore,SGP,2008.0,depression,3.434851
Singapore,SGP,2009.0,depression,3.422751
Singapore,SGP,2010.0,depression,3.417825
Singapore,SGP,2011.0,depression,3.41716
Singapore,SGP,2012.0,depression,3.417503
Singapore,SGP,2013.0,depression,3.419186
Singapore,SGP,2014.0,depression,3.421481
Singapore,SGP,2015.0,depression,3.42572
Singapore,SGP,2016.0,depression,3.42996
Singapore,SGP,2017.0,depression,3.438271
Southeast Asia,,1990.0,depression,2.808887
Southeast Asia,,1991.0,depression,2.809663
Southeast Asia,,1992.0,depression,2.809867
Southeast Asia,,1993.0,depression,2.809715
Southeast Asia,,1994.0,depression,2.80934
Southeast Asia,,1995.0,depression,2.808876
Southeast Asia,,1996.0,depression,2.806493
Southeast Asia,,1997.0,depression,2.801702
Southeast Asia,,1998.0,depression,2.796119
Southeast Asia,,1999.0,depression,2.791642
Southeast Asia,,2000.0,depression,2.788651
Southeast Asia,,2001.0,depression,2.789447
Southeast Asia,,2002.0,depression,2.79151
Southeast Asia,,2003.0,depression,2.794947
Southeast Asia,,2004.0,depression,2.798296
Southeast Asia,,2005.0,depression,2.799024
Southeast Asia,,2006.0,depression,2.797293
Southeast Asia,,2007.0,depression,2.79355
Southeast Asia,,2008.0,depression,2.789398
Southeast Asia,,2009.0,depression,2.785994
Southeast Asia,,2010.0,depression,2.783571
Southeast Asia,,2011.0,depression,2.783757
Southeast Asia,,2012.0,depression,2.785152
Southeast Asia,,2013.0,depression,2.787306
Southeast Asia,,2014.0,depression,2.790554
Southeast Asia,,2015.0,depression,2.794906
Southeast Asia,,2016.0,depression,2.800115
Southeast Asia,,2017.0,depression,2.807239
Thailand,THA,1990.0,depression,2.979739
Thailand,THA,1991.0,depression,2.994226
Thailand,THA,1992.0,depression,3.005804
Thailand,THA,1993.0,depression,3.019329
Thailand,THA,1994.0,depression,3.033093
Thailand,THA,1995.0,depression,3.043687
Thailand,THA,1996.0,depression,3.052955
Thailand,THA,1997.0,depression,3.064761
Thailand,THA,1998.0,depression,3.073758
Thailand,THA,1999.0,depression,3.082819
Thailand,THA,2000.0,depression,3.09092
Thailand,THA,2001.0,depression,3.100764
Thailand,THA,2002.0,depression,3.109344
Thailand,THA,2003.0,depression,3.118553
Thailand,THA,2004.0,depression,3.127299
Thailand,THA,2005.0,depression,3.128016
Thailand,THA,2006.0,depression,3.125727
Thailand,THA,2007.0,depression,3.120784
Thailand,THA,2008.0,depression,3.115786
Thailand,THA,2009.0,depression,3.109989
Thailand,THA,2010.0,depression,3.10254
Thailand,THA,2011.0,depression,3.09972
Thailand,THA,2012.0,depression,3.096663
Thailand,THA,2013.0,depression,3.092496
Thailand,THA,2014.0,depression,3.089677
Thailand,THA,2015.0,depression,3.085864
Thailand,THA,2016.0,depression,3.085204
Thailand,THA,2017.0,depression,3.085057
Timor,TLS,2002.0,depression,3.233952
Timor,TLS,2003.0,depression,3.219262
Timor,TLS,2004.0,depression,3.205397
Timor,TLS,2005.0,depression,3.191836
Timor,TLS,2006.0,depression,3.181121
Timor,TLS,2007.0,depression,3.170289
Timor,TLS,2008.0,depression,3.161321
Timor,TLS,2009.0,depression,3.154088
Timor,TLS,2010.0,depression,3.148584
Timor,TLS,2011.0,depression,3.145859
Timor,TLS,2012.0,depression,3.143785
Timor,TLS,2013.0,depression,3.141171
Timor,TLS,2014.0,depression,3.139859
Timor,TLS,2015.0,depression,3.139772
Timor,TLS,2016.0,depression,3.138351
Timor,TLS,2017.0,depression,3.139087
World,OWID_WRL,1990.0,depression,3.541656
World,OWID_WRL,1991.0,depression,3.545953
World,OWID_WRL,1992.0,depression,3.54909
World,OWID_WRL,1993.0,depression,3.550657
World,OWID_WRL,1994.0,depression,3.550852
World,OWID_WRL,1995.0,depression,3.548757
World,OWID_WRL,1996.0,depression,3.545771
World,OWID_WRL,1997.0,depression,3.542639
World,OWID_WRL,1998.0,depression,3.539295
World,OWID_WRL,1999.0,depression,3.536604
World,OWID_WRL,2000.0,depression,3.533869
World,OWID_WRL,2001.0,depression,3.532534
World,OWID_WRL,2002.0,depression,3.532172
World,OWID_WRL,2003.0,depression,3.532221
World,OWID_WRL,2004.0,depression,3.532197
World,OWID_WRL,2005.0,depression,3.530434
World,OWID_WRL,2006.0,depression,3.520343
World,OWID_WRL,2007.0,depression,3.499569
World,OWID_WRL,2008.0,depression,3.47521
World,OWID_WRL,2009.0,depression,3.454304
World,OWID_WRL,2010.0,depression,3.444114
World,OWID_WRL,2011.0,depression,3.442548
World,OWID_WRL,2012.0,depression,3.441271
World,OWID_WRL,2013.0,depression,3.440182
World,OWID_WRL,2014.0,depression,3.439698
World,OWID_WRL,2015.0,depression,3.439238
World,OWID_WRL,2016.0,depression,3.439675
World,OWID_WRL,2017.0,depression,3.441087
Brunei,BRN,1990.0,alcohol_use,0.771017
Brunei,BRN,1991.0,alcohol_use,0.770862
Brunei,BRN,1992.0,alcohol_use,0.77043
Brunei,BRN,1993.0,alcohol_use,0.769584
Brunei,BRN,1994.0,alcohol_use,0.768343
Brunei,BRN,1995.0,alcohol_use,0.766785
Brunei,BRN,1996.0,alcohol_use,0.76518
Brunei,BRN,1997.0,alcohol_use,0.763607
Brunei,BRN,1998.0,alcohol_use,0.762069
Brunei,BRN,1999.0,alcohol_use,0.760646
Brunei,BRN,2000.0,alcohol_use,0.75944
Brunei,BRN,2001.0,alcohol_use,0.758491
Brunei,BRN,2002.0,alcohol_use,0.757716
Brunei,BRN,2003.0,alcohol_use,0.757351
Brunei,BRN,2004.0,alcohol_use,0.757469
Brunei,BRN,2005.0,alcohol_use,0.758107
Brunei,BRN,2006.0,alcohol_use,0.759901
Brunei,BRN,2007.0,alcohol_use,0.762688
Brunei,BRN,2008.0,alcohol_use,0.766046
Brunei,BRN,2009.0,alcohol_use,0.769447
Brunei,BRN,2010.0,alcohol_use,0.7723
Brunei,BRN,2011.0,alcohol_use,0.774864
Brunei,BRN,2012.0,alcohol_use,0.777644
Brunei,BRN,2013.0,alcohol_use,0.780455
Brunei,BRN,2014.0,alcohol_use,0.783274
Brunei,BRN,2015.0,alcohol_use,0.786194
Brunei,BRN,2016.0,alcohol_use,0.789027
Brunei,BRN,2017.0,alcohol_use,0.791919
Cambodia,KHM,1990.0,alcohol_use,0.807471
Cambodia,KHM,1991.0,alcohol_use,0.809215
Cambodia,KHM,1992.0,alcohol_use,0.810722
Cambodia,KHM,1993.0,alcohol_use,0.811948
Cambodia,KHM,1994.0,alcohol_use,0.812903
Cambodia,KHM,1995.0,alcohol_use,0.81356
Cambodia,KHM,1996.0,alcohol_use,0.813649
Cambodia,KHM,1997.0,alcohol_use,0.813158
Cambodia,KHM,1998.0,alcohol_use,0.812403
Cambodia,KHM,1999.0,alcohol_use,0.811728
Cambodia,KHM,2000.0,alcohol_use,0.811437
Cambodia,KHM,2001.0,alcohol_use,0.811316
Cambodia,KHM,2002.0,alcohol_use,0.811126
Cambodia,KHM,2003.0,alcohol_use,0.811116
Cambodia,KHM,2004.0,alcohol_use,0.811468
Cambodia,KHM,2005.0,alcohol_use,0.812374
Cambodia,KHM,2006.0,alcohol_use,0.81465
Cambodia,KHM,2007.0,alcohol_use,0.818463
Cambodia,KHM,2008.0,alcohol_use,0.822863
Cambodia,KHM,2009.0,alcohol_use,0.826915
Cambodia,KHM,2010.0,alcohol_use,0.829674
Cambodia,KHM,2011.0,alcohol_use,0.831558
Cambodia,KHM,2012.0,alcohol_use,0.833573
Cambodia,KHM,2013.0,alcohol_use,0.835675
Cambodia,KHM,2014.0,alcohol_use,0.837808
Cambodia,KHM,2015.0,alcohol_use,0.839945
Cambodia,KHM,2016.0,alcohol_use,0.842034
Cambodia,KHM,2017.0,alcohol_use,0.844038
Indonesia,IDN,1990.0,alcohol_use,0.588248
Indonesia,IDN,1991.0,alcohol_use,0.581142
Indonesia,IDN,1992.0,alcohol_use,0.574945
Indonesia,IDN,1993.0,alcohol_use,0.570064
Indonesia,IDN,1994.0,alcohol_use,0.566927
Indonesia,IDN,1995.0,alcohol_use,0.565957
Indonesia,IDN,1996.0,alcohol_use,0.56679
Indonesia,IDN,1997.0,alcohol_use,0.568458
Indonesia,IDN,1998.0,alcohol_use,0.570494
Indonesia,IDN,1999.0,alcohol_use,0.572424
Indonesia,IDN,2000.0,alcohol_use,0.57376
Indonesia,IDN,2001.0,alcohol_use,0.574638
Indonesia,IDN,2002.0,alcohol_use,0.575525
Indonesia,IDN,2003.0,alcohol_use,0.5765
Indonesia,IDN,2004.0,alcohol_use,0.577599
Indonesia,IDN,2005.0,alcohol_use,0.578851
Indonesia,IDN,2006.0,alcohol_use,0.58625
Indonesia,IDN,2007.0,alcohol_use,0.601993
Indonesia,IDN,2008.0,alcohol_use,0.620544
Indonesia,IDN,2009.0,alcohol_use,0.636352
Indonesia,IDN,2010.0,alcohol_use,0.643859
Indonesia,IDN,2011.0,alcohol_use,0.645342
Indonesia,IDN,2012.0,alcohol_use,0.646696
Indonesia,IDN,2013.0,alcohol_use,0.647894
Indonesia,IDN,2014.0,alcohol_use,0.648908
Indonesia,IDN,2015.0,alcohol_use,0.649699
Indonesia,IDN,2016.0,alcohol_use,0.650252
Indonesia,IDN,2017.0,alcohol_use,0.650506
Laos,LAO,1990.0,alcohol_use,0.925382
Laos,LAO,1991.0,alcohol_use,0.929941
Laos,LAO,1992.0,alcohol_use,0.933802
Laos,LAO,1993.0,alcohol_use,0.936928
Laos,LAO,1994.0,alcohol_use,0.939249
Laos,LAO,1995.0,alcohol_use,0.940747
Laos,LAO,1996.0,alcohol_use,0.941118
Laos,LAO,1997.0,alcohol_use,0.94043
Laos,LAO,1998.0,alcohol_use,0.939071
Laos,LAO,1999.0,alcohol_use,0.937457
Laos,LAO,2000.0,alcohol_use,0.935983
Laos,LAO,2001.0,alcohol_use,0.934035
Laos,LAO,2002.0,alcohol_use,0.931243
Laos,LAO,2003.0,alcohol_use,0.928185
Laos,LAO,2004.0,alcohol_use,0.925449
Laos,LAO,2005.0,alcohol_use,0.92366
Laos,LAO,2006.0,alcohol_use,0.922881
Laos,LAO,2007.0,alcohol_use,0.922546
Laos,LAO,2008.0,alcohol_use,0.92243
Laos,LAO,2009.0,alcohol_use,0.922244
Laos,LAO,2010.0,alcohol_use,0.921755
Laos,LAO,2011.0,alcohol_use,0.921068
Laos,LAO,2012.0,alcohol_use,0.92044
Laos,LAO,2013.0,alcohol_use,0.919835
Laos,LAO,2014.0,alcohol_use,0.919295
Laos,LAO,2015.0,alcohol_use,0.918794
Laos,LAO,2016.0,alcohol_use,0.918383
Laos,LAO,2017.0,alcohol_use,0.918019
Malaysia,MYS,1990.0,alcohol_use,0.685685
Malaysia,MYS,1991.0,alcohol_use,0.692249
Malaysia,MYS,1992.0,alcohol_use,0.698502
Malaysia,MYS,1993.0,alcohol_use,0.70413
Malaysia,MYS,1994.0,alcohol_use,0.708798
Malaysia,MYS,1995.0,alcohol_use,0.712124
Malaysia,MYS,1996.0,alcohol_use,0.715094
Malaysia,MYS,1997.0,alcohol_use,0.718739
Malaysia,MYS,1998.0,alcohol_use,0.722562
Malaysia,MYS,1999.0,alcohol_use,0.725954
Malaysia,MYS,2000.0,alcohol_use,0.728107
Malaysia,MYS,2001.0,alcohol_use,0.720918
Malaysia,MYS,2002.0,alcohol_use,0.701802
Malaysia,MYS,2003.0,alcohol_use,0.678203
Malaysia,MYS,2004.0,alcohol_use,0.657637
Malaysia,MYS,2005.0,alcohol_use,0.64782
Malaysia,MYS,2006.0,alcohol_use,0.646164
Malaysia,MYS,2007.0,alcohol_use,0.644944
Malaysia,MYS,2008.0,alcohol_use,0.644121
Malaysia,MYS,2009.0,alcohol_use,0.643651
Malaysia,MYS,2010.0,alcohol_use,0.643556
Malaysia,MYS,2011.0,alcohol_use,0.64364
Malaysia,MYS,2012.0,alcohol_use,0.643782
Malaysia,MYS,2013.0,alcohol_use,0.643964
Malaysia,MYS,2014.0,alcohol_use,0.644145
Malaysia,MYS,2015.0,alcohol_use,0.644343
Malaysia,MYS,2016.0,alcohol_use,0.644619
Malaysia,MYS,2017.0,alcohol_use,0.644969
Myanmar,MMR,1990.0,alcohol_use,0.833846
Myanmar,MMR,1991.0,alcohol_use,0.837158
Myanmar,MMR,1992.0,alcohol_use,0.84019
Myanmar,MMR,1993.0,alcohol_use,0.842785
Myanmar,MMR,1994.0,alcohol_use,0.844783
Myanmar,MMR,1995.0,alcohol_use,0.846068
Myanmar,MMR,1996.0,alcohol_use,0.847008
Myanmar,MMR,1997.0,alcohol_use,0.848038
Myanmar,MMR,1998.0,alcohol_use,0.848993
Myanmar,MMR,1999.0,alcohol_use,0.849656
Myanmar,MMR,2000.0,alcohol_use,0.849906
Myanmar,MMR,2001.0,alcohol_use,0.849706
Myanmar,MMR,2002.0,alcohol_use,0.849407
Myanmar,MMR,2003.0,alcohol_use,0.849256
Myanmar,MMR,2004.0,alcohol_use,0.849403
Myanmar,MMR,2005.0,alcohol_use,0.849989
Myanmar,MMR,2006.0,alcohol_use,0.852079
Myanmar,MMR,2007.0,alcohol_use,0.856
Myanmar,MMR,2008.0,alcohol_use,0.860446
Myanmar,MMR,2009.0,alcohol_use,0.864287
Myanmar,MMR,2010.0,alcohol_use,0.866461
Myanmar,MMR,2011.0,alcohol_use,0.867275
Myanmar,MMR,2012.0,alcohol_use,0.868095
Myanmar,MMR,2013.0,alcohol_use,0.868909
Myanmar,MMR,2014.0,alcohol_use,0.869608
Myanmar,MMR,2015.0,alcohol_use,0.870134
Myanmar,MMR,2016.0,alcohol_use,0.870418
Myanmar,MMR,2017.0,alcohol_use,0.870378
Philippines,PHL,1990.0,alcohol_use,1.071746
Philippines,PHL,1991.0,alcohol_use,1.064561
Philippines,PHL,1992.0,alcohol_use,1.056192
Philippines,PHL,1993.0,alcohol_use,1.046837
Philippines,PHL,1994.0,alcohol_use,1.03672
Philippines,PHL,1995.0,alcohol_use,1.026092
Philippines,PHL,1996.0,alcohol_use,1.013752
Philippines,PHL,1997.0,alcohol_use,0.999185
Philippines,PHL,1998.0,alcohol_use,0.983473
Philippines,PHL,1999.0,alcohol_use,0.967727
Philippines,PHL,2000.0,alcohol_use,0.952973
Philippines,PHL,2001.0,alcohol_use,0.937151
Philippines,PHL,2002.0,alcohol_use,0.919515
Philippines,PHL,2003.0,alcohol_use,0.903034
Philippines,PHL,2004.0,alcohol_use,0.890574
Philippines,PHL,2005.0,alcohol_use,0.884831
Philippines,PHL,2006.0,alcohol_use,0.884323
Philippines,PHL,2007.0,alcohol_use,0.885359
Philippines,PHL,2008.0,alcohol_use,0.887098
Philippines,PHL,2009.0,alcohol_use,0.888783
Philippines,PHL,2010.0,alcohol_use,0.889633
Philippines,PHL,2011.0,alcohol_use,0.889901
Philippines,PHL,2012.0,alcohol_use,0.890286
Philippines,PHL,2013.0,alcohol_use,0.890799
Philippines,PHL,2014.0,alcohol_use,0.891439
Philippines,PHL,2015.0,alcohol_use,0.892222
Philippines,PHL,2016.0,alcohol_use,0.893111
Philippines,PHL,2017.0,alcohol_use,0.894195
Singapore,SGP,1990.0,alcohol_use,0.478385
Singapore,SGP,1991.0,alcohol_use,0.479715
Singapore,SGP,1992.0,alcohol_use,0.480994
Singapore,SGP,1993.0,alcohol_use,0.482162
Singapore,SGP,1994.0,alcohol_use,0.483176
Singapore,SGP,1995.0,alcohol_use,0.483978
Singapore,SGP,1996.0,alcohol_use,0.485167
Singapore,SGP,1997.0,alcohol_use,0.487013
Singapore,SGP,1998.0,alcohol_use,0.488932
Singapore,SGP,1999.0,alcohol_use,0.490438
Singapore,SGP,2000.0,alcohol_use,0.491085
Singapore,SGP,2001.0,alcohol_use,0.488818
Singapore,SGP,2002.0,alcohol_use,0.483248
Singapore,SGP,2003.0,alcohol_use,0.476457
Singapore,SGP,2004.0,alcohol_use,0.470782
Singapore,SGP,2005.0,alcohol_use,0.468378
Singapore,SGP,2006.0,alcohol_use,0.468699
Singapore,SGP,2007.0,alcohol_use,0.4695
Singapore,SGP,2008.0,alcohol_use,0.470369
Singapore,SGP,2009.0,alcohol_use,0.47119
Singapore,SGP,2010.0,alcohol_use,0.471783
Singapore,SGP,2011.0,alcohol_use,0.472637
Singapore,SGP,2012.0,alcohol_use,0.474361
Singapore,SGP,2013.0,alcohol_use,0.47667
Singapore,SGP,2014.0,alcohol_use,0.479608
Singapore,SGP,2015.0,alcohol_use,0.483159
Singapore,SGP,2016.0,alcohol_use,0.487148
Singapore,SGP,2017.0,alcohol_use,0.491369
Southeast Asia,,1990.0,alcohol_use,0.859717
Southeast Asia,,1991.0,alcohol_use,0.860402
Southeast Asia,,1992.0,alcohol_use,0.861094
Southeast Asia,,1993.0,alcohol_use,0.861918
Southeast Asia,,1994.0,alcohol_use,0.86297
Southeast Asia,,1995.0,alcohol_use,0.864227
Southeast Asia,,1996.0,alcohol_use,0.866008
Southeast Asia,,1997.0,alcohol_use,0.868029
Southeast Asia,,1998.0,alcohol_use,0.869783
Southeast Asia,,1999.0,alcohol_use,0.870783
Southeast Asia,,2000.0,alcohol_use,0.870476
Southeast Asia,,2001.0,alcohol_use,0.868334
Southeast Asia,,2002.0,alcohol_use,0.864751
Southeast Asia,,2003.0,alcohol_use,0.860969
Southeast Asia,,2004.0,alcohol_use,0.858176
Southeast Asia,,2005.0,alcohol_use,0.857432
Southeast Asia,,2006.0,alcohol_use,0.862535
Southeast Asia,,2007.0,alcohol_use,0.873742
Southeast Asia,,2008.0,alcohol_use,0.887175
Southeast Asia,,2009.0,alcohol_use,0.899039
Southeast Asia,,2010.0,alcohol_use,0.905399
Southeast Asia,,2011.0,alcohol_use,0.907723
Southeast Asia,,2012.0,alcohol_use,0.909914
Southeast Asia,,2013.0,alcohol_use,0.911898
Southeast Asia,,2014.0,alcohol_use,0.913667
Southeast Asia,,2015.0,alcohol_use,0.915211
Southeast Asia,,2016.0,alcohol_use,0.916475
Southeast Asia,,2017.0,alcohol_use,0.917453
Thailand,THA,1990.0,alcohol_use,0.816724
Thailand,THA,1991.0,alcohol_use,0.830684
Thailand,THA,1992.0,alcohol_use,0.84454
Thailand,THA,1993.0,alcohol_use,0.858151
Thailand,THA,1994.0,alcohol_use,0.871374
Thailand,THA,1995.0,alcohol_use,0.884023
Thailand,THA,1996.0,alcohol_use,0.898256
Thailand,THA,1997.0,alcohol_use,0.914241
Thailand,THA,1998.0,alcohol_use,0.928917
Thailand,THA,1999.0,alcohol_use,0.939163
Thailand,THA,2000.0,alcohol_use,0.941828
Thailand,THA,2001.0,alcohol_use,0.935998
Thailand,THA,2002.0,alcohol_use,0.924777
Thailand,THA,2003.0,alcohol_use,0.91115
Thailand,THA,2004.0,alcohol_use,0.898112
Thailand,THA,2005.0,alcohol_use,0.888716
Thailand,THA,2006.0,alcohol_use,0.881982
Thailand,THA,2007.0,alcohol_use,0.875481
Thailand,THA,2008.0,alcohol_use,0.870122
Thailand,THA,2009.0,alcohol_use,0.86686
Thailand,THA,2010.0,alcohol_use,0.866558
Thailand,THA,2011.0,alcohol_use,0.868795
Thailand,THA,2012.0,alcohol_use,0.87242
Thailand,THA,2013.0,alcohol_use,0.877508
Thailand,THA,2014.0,alcohol_use,0.884054
Thailand,THA,2015.0,alcohol_use,0.892095
Thailand,THA,2016.0,alcohol_use,0.901656
Thailand,THA,2017.0,alcohol_use,0.912775
Timor,TLS,2002.0,alcohol_use,0.780933
Timor,TLS,2003.0,alcohol_use,0.781206
Timor,TLS,2004.0,alcohol_use,0.781772
Timor,TLS,2005.0,alcohol_use,0.782771
Timor,TLS,2006.0,alcohol_use,0.786256
Timor,TLS,2007.0,alcohol_use,0.792981
Timor,TLS,2008.0,alcohol_use,0.800977
Timor,TLS,2009.0,alcohol_use,0.808282
Timor,TLS,2010.0,alcohol_use,0.812987
Timor,TLS,2011.0,alcohol_use,0.815572
Timor,TLS,2012.0,alcohol_use,0.817857
Timor,TLS,2013.0,alcohol_use,0.819777
Timor,TLS,2014.0,alcohol_use,0.82133
Timor,TLS,2015.0,alcohol_use,0.822557
Timor,TLS,2016.0,alcohol_use,0.823439
Timor,TLS,2017.0,alcohol_use,0.823885
World,OWID_WRL,1990.0,alcohol_use,1.438494
World,OWID_WRL,1991.0,alcohol_use,1.444019
World,OWID_WRL,1992.0,alcohol_use,1.449593
World,OWID_WRL,1993.0,alcohol_use,1.454155
World,OWID_WRL,1994.0,alcohol_use,1.457587
World,OWID_WRL,1995.0,alcohol_use,1.459594
World,OWID_WRL,1996.0,alcohol_use,1.464267
World,OWID_WRL,1997.0,alcohol_use,1.473627
World,OWID_WRL,1998.0,alcohol_use,1.484032
World,OWID_WRL,1999.0,alcohol_use,1.492134
World,OWID_WRL,2000.0,alcohol_use,1.494452
World,OWID_WRL,2001.0,alcohol_use,1.490313
World,OWID_WRL,2002.0,alcohol_use,1.482697
World,OWID_WRL,2003.0,alcohol_use,1.473949
World,OWID_WRL,2004.0,alcohol_use,1.466238
World,OWID_WRL,2005.0,alcohol_use,1.461434
World,OWID_WRL,2006.0,alcohol_use,1.458861
World,OWID_WRL,2007.0,alcohol_use,1.455841
World,OWID_WRL,2008.0,alcohol_use,1.452283
World,OWID_WRL,2009.0,alcohol_use,1.448085
World,OWID_WRL,2010.0,alcohol_use,1.443476
World,OWID_WRL,2011.0,alcohol_use,1.438439
World,OWID_WRL,2012.0,alcohol_use,1.432944
World,OWID_WRL,2013.0,alcohol_use,1.426957
World,OWID_WRL,2014.0,alcohol_use,1.420393
World,OWID_WRL,2015.0,alcohol_use,1.413051
World,OWID_WRL,2016.0,alcohol_use,1.405176
World,OWID_WRL,2017.0,alcohol_use,1.396497
